,building_name,market,unit_name,unit_group,sqft,effective_price,date,leased_rate
0,Woodbridge Apartments,"Dallas-Fort Worth-Arlington, TX",001013,2x2,929,1625,08/27/2024,False
1,Woodbridge Apartments,"Dallas-Fort Worth-Arlington, TX",001013,2x2,929,1625,08/28/2024,False
2,Woodbridge Apartments,"Dallas-Fort Worth-Arlington, TX",001013,2x2,929,1625,08/29/2024,True
3,Woodbridge Apartments,"Dallas-Fort Worth-Arlington, TX",001023,2x2,988,1745,08/27/2024,False
4,Woodbridge Apartments,"Dallas-Fort Worth-Arlington, TX",001023,2x2,988,1745,08/28/2024,False
5,Woodbridge Apartments,"Dallas-Fort Worth-Arlington, TX",001023,2x2,988,1745,08/29/2024,True
6,Woodbridge Apartments,"Dallas-Fort Worth-Arlington, TX",001037,1x1,716,1225,08/27/2024,False
7,Woodbridge Apartments,"Dallas-Fort Worth-Arlington, TX",001037,1x1,716,1225,08/28/2024,False
8,Woodbridge Apartments,"Dallas-Fort Worth-Arlington, TX",001037,1x1,716,1225,08/29/2024,True
9,Woodbridge Apartments,"Dallas-Fort Worth-Arlington, TX",001048,2x2,929,1525,08/27/2024,False
10,Woodbridge Apartments,"Dallas-Fort Worth-Arlington, TX",001048,2x2,929,1525,08/28/2024,False
11,Woodbridge Apartments,"Dallas-Fort Worth-Arlington, TX",001048,2x2,929,1525,08/29/2024,True
12,Woodbridge Apartments,"Dallas-Fort Worth-Arlington, TX",001059,1x1,670,1165,08/27/2024,False
13,Woodbridge Apartments,"Dallas-Fort Worth-Arlington, TX",001059,1x1,670,1165,08/28/2024,False
14,Woodbridge Apartments,"Dallas-Fort Worth-Arlington, TX",001059,1x1,670,1165,08/29/2024,True
15,Woodbridge Apartments,"Dallas-Fort Worth-Arlington, TX",001065,1x1,670,1215,08/27/2024,False
16,Woodbridge Apartments,"Dallas-Fort Worth-Arlington, TX",001065,1x1,670,1215,08/28/2024,False
17,Woodbridge Apartments,"Dallas-Fort Worth-Arlington, TX",001065,1x1,670,1215,08/29/2024,True
18,Woodbridge Apartments,"Dallas-Fort Worth-Arlington, TX",001072,1x1,549,1010,08/27/2024,False
19,Woodbridge Apartments,"Dallas-Fort Worth-Arlington, TX",001072,1x1,549,1010,08/28/2024,False
20,Woodbridge Apartments,"Dallas-Fort Worth-Arlington, TX",001072,1x1,549,1010,08/29/2024,True
21,Woodbridge Apartments,"Dallas-Fort Worth-Arlington, TX",001088,1x1,549,1140,08/27/2024,False
22,Woodbridge Apartments,"Dallas-Fort Worth-Arlington, TX",001088,1x1,549,1140,08/28/2024,False
23,Woodbridge Apartments,"Dallas-Fort Worth-Arlington, TX",001088,1x1,549,1140,08/29/2024,True
24,Woodbridge Apartments,"Dallas-Fort Worth-Arlington, TX",001089,1x1,549,1040,08/27/2024,False
25,Woodbridge Apartments,"Dallas-Fort Worth-Arlington, TX",001089,1x1,549,1040,08/28/2024,False
26,Woodbridge Apartments,"Dallas-Fort Worth-Arlington, TX",001089,1x1,549,1040,08/29/2024,True
27,Woodbridge Apartments,"Dallas-Fort Worth-Arlington, TX",001095,2x2,929,1525,08/27/2024,False
28,Woodbridge Apartments,"Dallas-Fort Worth-Arlington, TX",001095,2x2,929,1525,08/28/2024,False
29,Woodbridge Apartments,"Dallas-Fort Worth-Arlington, TX",001095,2x2,929,1525,08/29/2024,True
30,Woodbridge Apartments,"Dallas-Fort Worth-Arlington, TX",001101,2x2,988,1675,08/27/2024,False
31,Woodbridge Apartments,"Dallas-Fort Worth-Arlington, TX",001101,2x2,988,1675,08/28/2024,False
32,Woodbridge Apartments,"Dallas-Fort Worth-Arlington, TX",001101,2x2,988,1675,08/29/2024,True
33,Woodbridge Apartments,"Dallas-Fort Worth-Arlington, TX",001104,2x2,988,1725,08/28/2024,False
34,Woodbridge Apartments,"Dallas-Fort Worth-Arlington, TX",001104,2x2,988,1725,08/29/2024,True
35,Woodbridge Apartments,"Dallas-Fort Worth-Arlington, TX",001107,1x1,716,1275,08/27/2024,False
36,Woodbridge Apartments,"Dallas-Fort Worth-Arlington, TX",001107,1x1,716,1275,08/28/2024,False
37,Woodbridge Apartments,"Dallas-Fort Worth-Arlington, TX",001107,1x1,716,1275,08/29/2024,True
38,Woodbridge Apartments,"Dallas-Fort Worth-Arlington, TX",001119,1x1,716,1225,08/27/2024,False
39,Woodbridge Apartments,"Dallas-Fort Worth-Arlington, TX",001119,1x1,716,1225,08/28/2024,False
40,Woodbridge Apartments,"Dallas-Fort Worth-Arlington, TX",001119,1x1,716,1225,08/29/2024,True
41,Woodbridge Apartments,"Dallas-Fort Worth-Arlington, TX",002006,1x1,670,1175,08/28/2024,False
42,Woodbridge Apartments,"Dallas-Fort Worth-Arlington, TX",002006,1x1,670,1175,08/29/2024,True
43,Woodbridge Apartments,"Dallas-Fort Worth-Arlington, TX",002014,2x2,1009,1620,08/27/2024,False
44,Woodbridge Apartments,"Dallas-Fort Worth-Arlington, TX",002014,2x2,1009,1620,08/28/2024,False
45,Woodbridge Apartments,"Dallas-Fort Worth-Arlington, TX",002014,2x2,1009,1620,08/29/2024,True
46,Woodbridge Apartments,"Dallas-Fort Worth-Arlington, TX",002024,2x2,988,1575,08/27/2024,False
47,Woodbridge Apartments,"Dallas-Fort Worth-Arlington, TX",002024,2x2,988,1575,08/28/2024,False
48,Woodbridge Apartments,"Dallas-Fort Worth-Arlington, TX",002024,2x2,988,1575,08/29/2024,True
49,Woodbridge Apartments,"Dallas-Fort Worth-Arlington, TX",002038,1x1,845,1290,08/27/2024,False
50,Woodbridge Apartments,"Dallas-Fort Worth-Arlington, TX",002038,1x1,845,1290,08/28/2024,False
51,Woodbridge Apartments,"Dallas-Fort Worth-Arlington, TX",002038,1x1,845,1290,08/29/2024,True
52,Woodbridge Apartments,"Dallas-Fort Worth-Arlington, TX",002051,2x2,988,1625,08/28/2024,False
53,Woodbridge Apartments,"Dallas-Fort Worth-Arlington, TX",002051,2x2,988,1625,08/29/2024,True
54,Woodbridge Apartments,"Dallas-Fort Worth-Arlington, TX",002068,1x1,670,1195,08/27/2024,False
55,Woodbridge Apartments,"Dallas-Fort Worth-Arlington, TX",002068,1x1,670,1195,08/28/2024,False
56,Woodbridge Apartments,"Dallas-Fort Worth-Arlington, TX",002068,1x1,670,1195,08/29/2024,True
57,Woodbridge Apartments,"Dallas-Fort Worth-Arlington, TX",002077,1x1,658,1115,08/27/2024,False
58,Woodbridge Apartments,"Dallas-Fort Worth-Arlington, TX",002077,1x1,658,1115,08/28/2024,False
59,Woodbridge Apartments,"Dallas-Fort Worth-Arlington, TX",002077,1x1,658,1115,08/29/2024,True
60,Woodbridge Apartments,"Dallas-Fort Worth-Arlington, TX",002092,1x1,658,1065,08/27/2024,False
61,Woodbridge Apartments,"Dallas-Fort Worth-Arlington, TX",002092,1x1,658,1065,08/28/2024,False
62,Woodbridge Apartments,"Dallas-Fort Worth-Arlington, TX",002092,1x1,658,1065,08/29/2024,True
63,Woodbridge Apartments,"Dallas-Fort Worth-Arlington, TX",002108,1x1,716,1255,08/27/2024,False
64,Woodbridge Apartments,"Dallas-Fort Worth-Arlington, TX",002108,1x1,716,1255,08/28/2024,False
65,Woodbridge Apartments,"Dallas-Fort Worth-Arlington, TX",002108,1x1,716,1255,08/29/2024,True
66,Woodbridge Apartments,"Dallas-Fort Worth-Arlington, TX",003063,1x1,670,1095,08/27/2024,False
67,Woodbridge Apartments,"Dallas-Fort Worth-Arlington, TX",003063,1x1,670,1095,08/28/2024,False
68,Woodbridge Apartments,"Dallas-Fort Worth-Arlington, TX",003063,1x1,670,1095,08/29/2024,True
69,Woodbridge Apartments,"Dallas-Fort Worth-Arlington, TX",003064,1x1,670,1215,08/27/2024,False
70,Woodbridge Apartments,"Dallas-Fort Worth-Arlington, TX",003064,1x1,670,1215,08/28/2024,False
71,Woodbridge Apartments,"Dallas-Fort Worth-Arlington, TX",003064,1x1,670,1215,08/29/2024,True
72,Woodbridge Apartments,"Dallas-Fort Worth-Arlington, TX",003085,1x1,658,1135,08/27/2024,False
73,Woodbridge Apartments,"Dallas-Fort Worth-Arlington, TX",003085,1x1,658,1135,08/28/2024,False
74,Woodbridge Apartments,"Dallas-Fort Worth-Arlington, TX",003085,1x1,658,1135,08/29/2024,True
75,Woodbridge Apartments,"Dallas-Fort Worth-Arlington, TX",003086,1x1,658,1035,08/27/2024,False
76,Woodbridge Apartments,"Dallas-Fort Worth-Arlington, TX",003086,1x1,658,1035,08/28/2024,False
77,Woodbridge Apartments,"Dallas-Fort Worth-Arlington, TX",003086,1x1,658,1035,08/29/2024,True
78,Woodbridge Apartments,"Dallas-Fort Worth-Arlington, TX",003110,1x1,845,1340,08/27/2024,False
79,Woodbridge Apartments,"Dallas-Fort Worth-Arlington, TX",003110,1x1,845,1340,08/28/2024,False
80,Woodbridge Apartments,"Dallas-Fort Worth-Arlington, TX",003110,1x1,845,1340,08/29/2024,True
81,Woodbridge Apartments,"Dallas-Fort Worth-Arlington, TX",003111,1x1,845,1340,08/27/2024,False
82,Woodbridge Apartments,"Dallas-Fort Worth-Arlington, TX",003111,1x1,845,1340,08/28/2024,False
83,Woodbridge Apartments,"Dallas-Fort Worth-Arlington, TX",003111,1x1,845,1340,08/29/2024,True
