property,date,avg_rent_per_sqft,net_leased,rev_pasf,rev_pasf_rank,year_month,quarter
Cortland Fossil Creek,2023-09-30,1.690648715664923,0.925,1.563850061990054,1.0,2023-09,Q3 2023
Cortland Fossil Creek,2023-10-01,1.690648715664923,0.9270833333333334,1.5673722468143558,1.0,2023-10,Q4 2023
Cortland Fossil Creek,2023-10-02,1.690648715664923,0.925,1.563850061990054,1.0,2023-10,Q4 2023
Cortland Fossil Creek,2023-10-03,1.6896961021276533,0.9229166666666666,1.5594486942553132,1.0,2023-10,Q4 2023
Cortland Fossil Creek,2023-10-04,1.698424543102435,0.9270833333333334,1.5745810868345491,1.0,2023-10,Q4 2023
Cortland Fossil Creek,2023-10-05,1.698424543102435,0.9291666666666667,1.5781194712993458,1.0,2023-10,Q4 2023
Cortland Fossil Creek,2023-10-06,1.698424543102435,0.9270833333333334,1.5745810868345491,1.0,2023-10,Q4 2023
Cortland Fossil Creek,2023-10-07,1.698424543102435,0.925,1.5710427023697524,1.0,2023-10,Q4 2023
Cortland Fossil Creek,2023-10-08,1.698424543102435,0.925,1.5710427023697524,1.0,2023-10,Q4 2023
Cortland Fossil Creek,2023-10-09,1.698424543102435,0.925,1.5710427023697524,1.0,2023-10,Q4 2023
Cortland Fossil Creek,2023-10-10,1.698424543102435,0.925,1.5710427023697524,1.0,2023-10,Q4 2023
Cortland Fossil Creek,2023-10-11,1.698424543102435,0.9208333333333334,1.563965933440159,1.0,2023-10,Q4 2023
Cortland Fossil Creek,2023-10-12,1.6921950625886149,0.9208333333333334,1.558229620133683,1.0,2023-10,Q4 2023
Cortland Fossil Creek,2023-10-13,1.6921950625886149,0.9208333333333334,1.558229620133683,1.0,2023-10,Q4 2023
Cortland Fossil Creek,2023-10-14,1.6921950625886149,0.9208333333333334,1.558229620133683,1.0,2023-10,Q4 2023
Cortland Fossil Creek,2023-10-15,1.6945067422888778,0.9208333333333334,1.560358291857675,1.0,2023-10,Q4 2023
Cortland Fossil Creek,2023-10-16,1.6945067422888778,0.9229166666666666,1.5638885142374432,1.0,2023-10,Q4 2023
Cortland Fossil Creek,2023-10-17,1.6945067422888778,0.9229166666666666,1.5638885142374432,1.0,2023-10,Q4 2023
Cortland Fossil Creek,2023-10-18,1.6945067422888778,0.9229166666666666,1.5638885142374432,1.0,2023-10,Q4 2023
Cortland Fossil Creek,2023-10-19,1.6895272493301694,0.9208333333333334,1.5557730087581978,1.0,2023-10,Q4 2023
Cortland Fossil Creek,2023-10-20,1.6835452203998493,0.9229166666666666,1.5537719429940275,1.0,2023-10,Q4 2023
Cortland Fossil Creek,2023-10-21,1.6835452203998493,0.925,1.5572793288698608,1.0,2023-10,Q4 2023
Cortland Fossil Creek,2023-10-22,1.6835452203998493,0.925,1.5572793288698608,1.0,2023-10,Q4 2023
Cortland Fossil Creek,2023-10-23,1.6870941906844397,0.9229166666666666,1.5570473468191808,1.0,2023-10,Q4 2023
Cortland Fossil Creek,2023-10-24,1.6854946628436713,0.925,1.559082563130396,1.0,2023-10,Q4 2023
Cortland Fossil Creek,2023-10-25,1.6854946628436713,0.9208333333333334,1.5520596687018808,1.0,2023-10,Q4 2023
Cortland Fossil Creek,2023-10-26,1.6889631290582798,0.91875,1.5517348748222946,1.0,2023-10,Q4 2023
Cortland Fossil Creek,2023-10-27,1.691110205168864,0.91875,1.5537075009988937,1.0,2023-10,Q4 2023
Cortland Fossil Creek,2023-10-28,1.691110205168864,0.9208333333333334,1.5572306472596624,1.0,2023-10,Q4 2023
Cortland Fossil Creek,2023-10-29,1.691110205168864,0.9208333333333334,1.5572306472596624,1.0,2023-10,Q4 2023
Cortland Fossil Creek,2023-10-30,1.691110205168864,0.9208333333333334,1.5572306472596624,1.0,2023-10,Q4 2023
Cortland Fossil Creek,2023-10-31,1.691110205168864,0.91875,1.5537075009988937,1.0,2023-10,Q4 2023
Cortland Fossil Creek,2023-11-01,1.6911135689432306,0.91875,1.553710591466593,1.0,2023-11,Q4 2023
Cortland Fossil Creek,2023-11-02,1.6911135689432306,0.9208333333333334,1.557233744735225,1.0,2023-11,Q4 2023
Cortland Fossil Creek,2023-11-03,1.6918596442027622,0.9166666666666666,1.5508713405191987,1.0,2023-11,Q4 2023
Cortland Fossil Creek,2023-11-04,1.6918596442027622,0.91875,1.5543960481112877,1.0,2023-11,Q4 2023
Cortland Fossil Creek,2023-11-05,1.6918596442027622,0.91875,1.5543960481112877,1.0,2023-11,Q4 2023
Cortland Fossil Creek,2023-11-06,1.6918596442027622,0.91875,1.5543960481112877,1.0,2023-11,Q4 2023
Cortland Fossil Creek,2023-11-07,1.6845873270967655,0.91875,1.5477146067701533,1.0,2023-11,Q4 2023
Cortland Fossil Creek,2023-11-08,1.6845873270967655,0.9145833333333333,1.54069549290725,1.0,2023-11,Q4 2023
Cortland Fossil Creek,2023-11-09,1.6845873270967655,0.9145833333333333,1.54069549290725,1.0,2023-11,Q4 2023
Cortland Fossil Creek,2023-11-10,1.6845873270967655,0.9125,1.5371859359757984,1.0,2023-11,Q4 2023
Cortland Fossil Creek,2023-11-11,1.6845873270967655,0.9125,1.5371859359757984,1.0,2023-11,Q4 2023
Cortland Fossil Creek,2023-11-12,1.6821651958479606,0.9125,1.5349757412112641,1.0,2023-11,Q4 2023
Cortland Fossil Creek,2023-11-13,1.6821651958479606,0.9145833333333333,1.5384802520359473,1.0,2023-11,Q4 2023
Cortland Fossil Creek,2023-11-14,1.6843339343672368,0.9083333333333333,1.52993665705024,1.0,2023-11,Q4 2023
Cortland Fossil Creek,2023-11-15,1.677604785205495,0.9083333333333333,1.5238243465616579,1.0,2023-11,Q4 2023
Cortland Fossil Creek,2023-11-16,1.677604785205495,0.9083333333333333,1.5238243465616579,1.0,2023-11,Q4 2023
Cortland Fossil Creek,2023-11-17,1.677604785205495,0.9083333333333333,1.5238243465616579,1.0,2023-11,Q4 2023
Cortland Fossil Creek,2023-11-18,1.677604785205495,0.9041666666666667,1.5168343266233018,1.0,2023-11,Q4 2023
Cortland Fossil Creek,2023-11-19,1.677604785205495,0.9041666666666667,1.5168343266233018,1.0,2023-11,Q4 2023
Cortland Fossil Creek,2023-11-20,1.677604785205495,0.9041666666666667,1.5168343266233018,1.0,2023-11,Q4 2023
Cortland Fossil Creek,2023-11-21,1.6837978265759863,0.9041666666666667,1.5224338681957876,1.0,2023-11,Q4 2023
Cortland Fossil Creek,2023-11-22,1.6768980029296168,0.9104166666666667,1.526675890167172,1.0,2023-11,Q4 2023
Cortland Fossil Creek,2023-11-23,1.6768980029296168,0.9125,1.5301694276732754,1.0,2023-11,Q4 2023
Cortland Fossil Creek,2023-11-24,1.6768980029296168,0.9125,1.5301694276732754,1.0,2023-11,Q4 2023
Cortland Fossil Creek,2023-11-25,1.6768980029296168,0.9125,1.5301694276732754,1.0,2023-11,Q4 2023
Cortland Fossil Creek,2023-11-26,1.6768980029296168,0.9125,1.5301694276732754,1.0,2023-11,Q4 2023
Cortland Fossil Creek,2023-11-27,1.6729383326283467,0.9125,1.5265562285233663,1.0,2023-11,Q4 2023
Cortland Fossil Creek,2023-11-28,1.6664106395739955,0.9145833333333333,1.5240713974437166,1.0,2023-11,Q4 2023
Cortland Fossil Creek,2023-11-29,1.6684111154730212,0.9166666666666666,1.5293768558502694,1.0,2023-11,Q4 2023
Cortland Fossil Creek,2023-11-30,1.6684111154730212,0.91875,1.5328527123408382,1.0,2023-11,Q4 2023
Cortland Fossil Creek,2023-12-01,1.6661181563225624,0.9145833333333333,1.5238038971366767,1.0,2023-12,Q4 2023
Cortland Fossil Creek,2023-12-02,1.6661181563225624,0.9166666666666666,1.5272749766290155,1.0,2023-12,Q4 2023
Cortland Fossil Creek,2023-12-03,1.6661181563225624,0.9166666666666666,1.5272749766290155,1.0,2023-12,Q4 2023
Cortland Fossil Creek,2023-12-04,1.6661181563225624,0.9166666666666666,1.5272749766290155,1.0,2023-12,Q4 2023
Cortland Fossil Creek,2023-12-05,1.653847789375445,0.9145833333333333,1.512581624032959,1.0,2023-12,Q4 2023
Cortland Fossil Creek,2023-12-06,1.6599351162212586,0.91875,1.5250653880282812,1.0,2023-12,Q4 2023
Cortland Fossil Creek,2023-12-07,1.657477590048253,0.9208333333333334,1.526260614169433,1.0,2023-12,Q4 2023
Cortland Fossil Creek,2023-12-08,1.657477590048253,0.9229166666666666,1.5297136924820334,1.0,2023-12,Q4 2023
Cortland Fossil Creek,2023-12-09,1.6523711625755564,0.9229166666666666,1.5250008854603572,1.0,2023-12,Q4 2023
Cortland Fossil Creek,2023-12-10,1.6523711625755564,0.925,1.5284433253823897,1.0,2023-12,Q4 2023
Cortland Fossil Creek,2023-12-11,1.6523711625755564,0.925,1.5284433253823897,1.0,2023-12,Q4 2023
Cortland Fossil Creek,2023-12-12,1.6469542534686825,0.9229166666666666,1.5200015297638048,1.0,2023-12,Q4 2023
Cortland Fossil Creek,2023-12-13,1.6469542534686825,0.9229166666666666,1.5200015297638048,1.0,2023-12,Q4 2023
Cortland Fossil Creek,2023-12-14,1.6469542534686825,0.9208333333333334,1.5165703750690787,1.0,2023-12,Q4 2023
Cortland Fossil Creek,2023-12-15,1.6469542534686825,0.9208333333333334,1.5165703750690787,1.0,2023-12,Q4 2023
Cortland Fossil Creek,2023-12-16,1.6453364176446748,0.9166666666666666,1.5082250495076184,1.0,2023-12,Q4 2023
Cortland Fossil Creek,2023-12-17,1.6453364176446748,0.9208333333333334,1.5150806179144714,1.0,2023-12,Q4 2023
Cortland Fossil Creek,2023-12-18,1.6453364176446748,0.91875,1.5116528337110449,1.0,2023-12,Q4 2023
Cortland Fossil Creek,2023-12-19,1.6453364176446748,0.91875,1.5116528337110449,1.0,2023-12,Q4 2023
Cortland Fossil Creek,2023-12-20,1.642503044934643,0.91875,1.509049672533703,1.0,2023-12,Q4 2023
Cortland Fossil Creek,2023-12-21,1.642503044934643,0.9208333333333334,1.5124715538773172,1.0,2023-12,Q4 2023
Cortland Fossil Creek,2023-12-22,1.6431938426559782,0.9166666666666666,1.5062610224346467,1.0,2023-12,Q4 2023
Cortland Fossil Creek,2023-12-23,1.637893810251184,0.9166666666666666,1.5014026593969185,1.0,2023-12,Q4 2023
Cortland Fossil Creek,2023-12-24,1.632731422372609,0.9166666666666666,1.496670470508225,1.0,2023-12,Q4 2023
Cortland Fossil Creek,2023-12-25,1.632731422372609,0.91875,1.5000719943048344,1.0,2023-12,Q4 2023
Cortland Fossil Creek,2023-12-26,1.632731422372609,0.91875,1.5000719943048344,1.0,2023-12,Q4 2023
Cortland Fossil Creek,2023-12-27,1.632731422372609,0.91875,1.5000719943048344,1.0,2023-12,Q4 2023
Cortland Fossil Creek,2023-12-28,1.6293095655804193,0.9166666666666666,1.4935337684487175,1.0,2023-12,Q4 2023
Cortland Fossil Creek,2023-12-29,1.6293095655804193,0.91875,1.4969281633770102,1.0,2023-12,Q4 2023
Cortland Fossil Creek,2023-12-30,1.631433501497575,0.9145833333333333,1.4920818899113237,1.0,2023-12,Q4 2023
Cortland Fossil Creek,2023-12-31,1.6291792538312575,0.9208333333333334,1.5002025629029496,1.0,2023-12,Q4 2023
Cortland Fossil Creek,2024-01-01,1.6291792538312575,0.9270833333333334,1.510384933239395,1.0,2024-01,Q1 2024
Cortland Fossil Creek,2024-01-02,1.6291792538312575,0.9270833333333334,1.510384933239395,1.0,2024-01,Q1 2024
Cortland Fossil Creek,2024-01-03,1.6240089000939855,0.9229166666666666,1.4988248807117406,1.0,2024-01,Q1 2024
Cortland Fossil Creek,2024-01-04,1.6240089000939855,0.93125,1.512358288212524,1.0,2024-01,Q1 2024
Cortland Fossil Creek,2024-01-05,1.6240089000939855,0.93125,1.512358288212524,1.0,2024-01,Q1 2024
Cortland Fossil Creek,2024-01-06,1.6240089000939855,0.93125,1.512358288212524,1.0,2024-01,Q1 2024
Cortland Fossil Creek,2024-01-07,1.6240089000939855,0.93125,1.512358288212524,1.0,2024-01,Q1 2024
Cortland Fossil Creek,2024-01-08,1.6240089000939855,0.93125,1.512358288212524,1.0,2024-01,Q1 2024
Cortland Fossil Creek,2024-01-09,1.6240089000939855,0.93125,1.512358288212524,1.0,2024-01,Q1 2024
Cortland Fossil Creek,2024-01-10,1.6240089000939855,0.93125,1.512358288212524,1.0,2024-01,Q1 2024
Cortland Fossil Creek,2024-01-11,1.6240089000939855,0.93125,1.512358288212524,1.0,2024-01,Q1 2024
Cortland Fossil Creek,2024-01-12,1.6240089000939855,0.93125,1.512358288212524,1.0,2024-01,Q1 2024
Cortland Fossil Creek,2024-01-13,1.6240089000939855,0.93125,1.512358288212524,1.0,2024-01,Q1 2024
Cortland Fossil Creek,2024-01-14,1.6240089000939855,0.93125,1.512358288212524,1.0,2024-01,Q1 2024
Cortland Fossil Creek,2024-01-15,1.6240089000939855,0.93125,1.512358288212524,1.0,2024-01,Q1 2024
Cortland Fossil Creek,2024-01-16,1.6240089000939855,0.93125,1.512358288212524,1.0,2024-01,Q1 2024
Cortland Fossil Creek,2024-01-17,1.6240089000939855,0.93125,1.512358288212524,1.0,2024-01,Q1 2024
Cortland Fossil Creek,2024-01-18,1.6240089000939855,0.93125,1.512358288212524,1.0,2024-01,Q1 2024
Cortland Fossil Creek,2024-01-19,1.6240089000939855,0.93125,1.512358288212524,1.0,2024-01,Q1 2024
Cortland Fossil Creek,2024-01-20,1.6240089000939855,0.93125,1.512358288212524,1.0,2024-01,Q1 2024
Cortland Fossil Creek,2024-01-21,1.6240089000939855,0.93125,1.512358288212524,1.0,2024-01,Q1 2024
Cortland Fossil Creek,2024-01-22,1.6240089000939855,0.93125,1.512358288212524,1.0,2024-01,Q1 2024
Cortland Fossil Creek,2024-01-23,1.6240089000939855,0.93125,1.512358288212524,1.0,2024-01,Q1 2024
Cortland Fossil Creek,2024-01-24,1.6240089000939855,0.93125,1.512358288212524,1.0,2024-01,Q1 2024
Cortland Fossil Creek,2024-01-25,1.6240089000939855,0.93125,1.512358288212524,1.0,2024-01,Q1 2024
Cortland Fossil Creek,2024-01-26,1.6240089000939855,0.93125,1.512358288212524,1.0,2024-01,Q1 2024
Cortland Fossil Creek,2024-01-27,1.6240089000939855,0.93125,1.512358288212524,1.0,2024-01,Q1 2024
Cortland Fossil Creek,2024-01-28,1.6240089000939855,0.93125,1.512358288212524,1.0,2024-01,Q1 2024
Cortland Fossil Creek,2024-01-29,1.6240089000939855,0.93125,1.512358288212524,1.0,2024-01,Q1 2024
Cortland Fossil Creek,2024-01-30,1.6240089000939855,0.93125,1.512358288212524,1.0,2024-01,Q1 2024
Cortland Fossil Creek,2024-01-31,1.6240089000939855,0.93125,1.512358288212524,1.0,2024-01,Q1 2024
Cortland Fossil Creek,2024-02-01,1.6240089000939855,0.93125,1.512358288212524,1.0,2024-02,Q1 2024
Cortland Fossil Creek,2024-02-02,1.6240089000939855,0.93125,1.512358288212524,1.0,2024-02,Q1 2024
Cortland Fossil Creek,2024-02-03,1.6240089000939855,0.93125,1.512358288212524,1.0,2024-02,Q1 2024
Cortland Fossil Creek,2024-02-04,1.6240089000939855,0.93125,1.512358288212524,1.0,2024-02,Q1 2024
Cortland Fossil Creek,2024-02-05,1.6240089000939855,0.93125,1.512358288212524,1.0,2024-02,Q1 2024
Cortland Fossil Creek,2024-02-06,1.6240089000939855,0.93125,1.512358288212524,1.0,2024-02,Q1 2024
Cortland Fossil Creek,2024-02-07,1.6240089000939855,0.93125,1.512358288212524,1.0,2024-02,Q1 2024
Cortland Fossil Creek,2024-02-08,1.6240089000939855,0.93125,1.512358288212524,1.0,2024-02,Q1 2024
Cortland Fossil Creek,2024-02-09,1.6240089000939855,0.93125,1.512358288212524,1.0,2024-02,Q1 2024
Cortland Fossil Creek,2024-02-10,1.6240089000939855,0.93125,1.512358288212524,1.0,2024-02,Q1 2024
Cortland Fossil Creek,2024-02-11,1.6240089000939855,0.93125,1.512358288212524,1.0,2024-02,Q1 2024
Cortland Fossil Creek,2024-02-12,1.6136262280956288,0.84375,1.3614971299556868,1.0,2024-02,Q1 2024
Cortland Fossil Creek,2024-02-13,1.614811446382351,0.9104166666666667,1.4701512543105988,1.0,2024-02,Q1 2024
Cortland Fossil Creek,2024-02-14,1.614811446382351,0.9125,1.4735154448238954,1.0,2024-02,Q1 2024
Cortland Fossil Creek,2024-02-15,1.614811446382351,0.9125,1.4735154448238954,1.0,2024-02,Q1 2024
Cortland Fossil Creek,2024-02-16,1.612925278937355,0.9125,1.4717943170303363,1.0,2024-02,Q1 2024
Cortland Fossil Creek,2024-02-17,1.612925278937355,0.9125,1.4717943170303363,1.0,2024-02,Q1 2024
Cortland Fossil Creek,2024-02-18,1.612925278937355,0.9125,1.4717943170303363,1.0,2024-02,Q1 2024
Cortland Fossil Creek,2024-02-19,1.612925278937355,0.9083333333333333,1.465073795034764,1.0,2024-02,Q1 2024
Cortland Fossil Creek,2024-02-20,1.6109719221804732,0.90625,1.459943304476054,1.0,2024-02,Q1 2024
Cortland Fossil Creek,2024-02-21,1.6147988504620452,0.9020833333333333,1.4566831296876366,1.0,2024-02,Q1 2024
Cortland Fossil Creek,2024-02-22,1.6163233581516243,0.9,1.454691022336462,1.0,2024-02,Q1 2024
Cortland Fossil Creek,2024-02-23,1.6139816305564187,0.8979166666666667,1.449221005770451,1.0,2024-02,Q1 2024
Cortland Fossil Creek,2024-02-24,1.6117237131871547,0.9020833333333333,1.4539090996042459,1.0,2024-02,Q1 2024
Cortland Fossil Creek,2024-02-25,1.6117237131871547,0.9041666666666667,1.4572668573400525,1.0,2024-02,Q1 2024
Cortland Fossil Creek,2024-02-26,1.6117237131871547,0.8979166666666667,1.4471935841326327,1.0,2024-02,Q1 2024
Cortland Fossil Creek,2024-02-27,1.6117237131871547,0.89375,1.4404780686610195,1.0,2024-02,Q1 2024
Cortland Fossil Creek,2024-02-28,1.61445263378906,0.8895833333333334,1.4361901554748513,1.0,2024-02,Q1 2024
Cortland Fossil Creek,2024-02-29,1.615296475762298,0.8895833333333334,1.436940823230211,1.0,2024-02,Q1 2024
Cortland Fossil Creek,2024-03-01,1.615296475762298,0.89375,1.4436712252125539,1.0,2024-03,Q1 2024
Cortland Fossil Creek,2024-03-02,1.615296475762298,0.89375,1.4436712252125539,1.0,2024-03,Q1 2024
Cortland Fossil Creek,2024-03-03,1.615296475762298,0.89375,1.4436712252125539,1.0,2024-03,Q1 2024
Cortland Fossil Creek,2024-03-04,1.615296475762298,0.89375,1.4436712252125539,1.0,2024-03,Q1 2024
Cortland Fossil Creek,2024-03-05,1.615296475762298,0.89375,1.4436712252125539,1.0,2024-03,Q1 2024
Cortland Fossil Creek,2024-03-06,1.6167601421819016,0.8916666666666666,1.441611126778862,1.0,2024-03,Q1 2024
Cortland Fossil Creek,2024-03-07,1.6167601421819016,0.89375,1.4449793770750745,1.0,2024-03,Q1 2024
Cortland Fossil Creek,2024-03-08,1.6167601421819016,0.8895833333333334,1.43824287648265,1.0,2024-03,Q1 2024
Cortland Fossil Creek,2024-03-09,1.6167601421819016,0.8895833333333334,1.43824287648265,1.0,2024-03,Q1 2024
Cortland Fossil Creek,2024-03-10,1.6151856280311985,0.8875,1.4334772448776887,1.0,2024-03,Q1 2024
Cortland Fossil Creek,2024-03-11,1.6151856280311985,0.8875,1.4334772448776887,1.0,2024-03,Q1 2024
Cortland Fossil Creek,2024-03-12,1.6151856280311985,0.8833333333333333,1.4267473047608918,1.0,2024-03,Q1 2024
Cortland Fossil Creek,2024-03-13,1.6151856280311985,0.8833333333333333,1.4267473047608918,1.0,2024-03,Q1 2024
Cortland Fossil Creek,2024-03-14,1.6165123958402685,0.8833333333333333,1.4279192829922371,1.0,2024-03,Q1 2024
Cortland Fossil Creek,2024-03-15,1.6165123958402685,0.8833333333333333,1.4279192829922371,1.0,2024-03,Q1 2024
Cortland Fossil Creek,2024-03-16,1.6198305653982417,0.8791666666666667,1.424101038745954,1.0,2024-03,Q1 2024
Cortland Fossil Creek,2024-03-17,1.6198305653982417,0.8854166666666666,1.434224979779693,1.0,2024-03,Q1 2024
Cortland Fossil Creek,2024-03-18,1.6198305653982417,0.8854166666666666,1.434224979779693,1.0,2024-03,Q1 2024
Cortland Fossil Creek,2024-03-19,1.621053715331746,0.88125,1.428553586636101,1.0,2024-03,Q1 2024
Cortland Fossil Creek,2024-03-20,1.621053715331746,0.8833333333333333,1.4319307818763756,1.0,2024-03,Q1 2024
Cortland Fossil Creek,2024-03-21,1.6242434425738448,0.88125,1.4313645337682006,1.0,2024-03,Q1 2024
Cortland Fossil Creek,2024-03-22,1.6258951219946387,0.8854166666666666,1.4395946392660863,1.0,2024-03,Q1 2024
Cortland Fossil Creek,2024-03-23,1.6258951219946387,0.8854166666666666,1.4395946392660863,1.0,2024-03,Q1 2024
Cortland Fossil Creek,2024-03-24,1.6243306021070607,0.8854166666666666,1.4382093872822932,1.0,2024-03,Q1 2024
Cortland Fossil Creek,2024-03-25,1.6243306021070607,0.8875,1.4415934093700162,1.0,2024-03,Q1 2024
Cortland Fossil Creek,2024-03-26,1.6238124671784953,0.8854166666666666,1.4377506219809593,1.0,2024-03,Q1 2024
Cortland Fossil Creek,2024-03-27,1.6238124671784953,0.8854166666666666,1.4377506219809593,1.0,2024-03,Q1 2024
Cortland Fossil Creek,2024-03-28,1.6238124671784953,0.8854166666666666,1.4377506219809593,1.0,2024-03,Q1 2024
Cortland Fossil Creek,2024-03-29,1.6238124671784953,0.8854166666666666,1.4377506219809593,1.0,2024-03,Q1 2024
Cortland Fossil Creek,2024-03-30,1.620240072107435,0.8833333333333333,1.4312120636949008,1.0,2024-03,Q1 2024
Cortland Fossil Creek,2024-03-31,1.6196069291233517,0.8875,1.4374011495969745,1.0,2024-03,Q1 2024
Cortland Fossil Creek,2024-04-01,1.6212161548851318,0.8875,1.4388293374605545,1.0,2024-04,Q2 2024
Cortland Fossil Creek,2024-04-02,1.6212161548851318,0.8833333333333333,1.4320742701485332,1.0,2024-04,Q2 2024
Cortland Fossil Creek,2024-04-03,1.6212161548851318,0.88125,1.4286967364925225,1.0,2024-04,Q2 2024
Cortland Fossil Creek,2024-04-04,1.6212161548851318,0.8770833333333333,1.4219416691805011,1.0,2024-04,Q2 2024
Cortland Fossil Creek,2024-04-05,1.6212161548851318,0.8708333333333333,1.4118090682124689,1.0,2024-04,Q2 2024
Cortland Fossil Creek,2024-04-06,1.6214308125191335,0.8666666666666667,1.4052400375165823,1.0,2024-04,Q2 2024
Cortland Fossil Creek,2024-04-07,1.619229956912102,0.8729166666666667,1.4134528165545224,1.0,2024-04,Q2 2024
Cortland Fossil Creek,2024-04-08,1.619229956912102,0.8729166666666667,1.4134528165545224,1.0,2024-04,Q2 2024
Cortland Fossil Creek,2024-04-09,1.6198210819240848,0.86875,1.4072195649215486,1.0,2024-04,Q2 2024
Cortland Fossil Creek,2024-04-10,1.6198210819240848,0.86875,1.4072195649215486,1.0,2024-04,Q2 2024
Cortland Fossil Creek,2024-04-11,1.6198210819240848,0.8666666666666667,1.4038449376675401,1.0,2024-04,Q2 2024
Cortland Fossil Creek,2024-04-12,1.6179676626764354,0.8666666666666667,1.4022386409862442,1.0,2024-04,Q2 2024
Cortland Fossil Creek,2024-04-13,1.6182962391070115,0.8666666666666667,1.4025234072260766,1.0,2024-04,Q2 2024
Cortland Fossil Creek,2024-04-14,1.6189690888730863,0.86875,1.4064793959584938,1.0,2024-04,Q2 2024
Cortland Fossil Creek,2024-04-15,1.6189690888730863,0.86875,1.4064793959584938,1.0,2024-04,Q2 2024
Cortland Fossil Creek,2024-04-16,1.6183188854424546,0.86875,1.4059145317281325,1.0,2024-04,Q2 2024
Cortland Fossil Creek,2024-04-17,1.6183188854424546,0.8729166666666667,1.4126575270841426,1.0,2024-04,Q2 2024
Cortland Fossil Creek,2024-04-18,1.6166459670897875,0.86875,1.404461183909253,1.0,2024-04,Q2 2024
Cortland Fossil Creek,2024-04-19,1.6171891481939196,0.86875,1.4049330724934677,1.0,2024-04,Q2 2024
Cortland Fossil Creek,2024-04-20,1.61605522921149,0.8666666666666667,1.4005811986499581,1.0,2024-04,Q2 2024
Cortland Fossil Creek,2024-04-21,1.6147064288861384,0.8729166666666667,1.4095041535485249,1.0,2024-04,Q2 2024
Cortland Fossil Creek,2024-04-22,1.6147064288861384,0.875,1.412868125275371,1.0,2024-04,Q2 2024
Cortland Fossil Creek,2024-04-23,1.6139422728612847,0.875,1.412199488753624,1.0,2024-04,Q2 2024
Cortland Fossil Creek,2024-04-24,1.6156476511810745,0.8770833333333333,1.4170576273900675,1.0,2024-04,Q2 2024
Cortland Fossil Creek,2024-04-25,1.6188132349523434,0.88125,1.4265791633017526,1.0,2024-04,Q2 2024
Cortland Fossil Creek,2024-04-26,1.6188107777397236,0.8833333333333333,1.4299495203367558,1.0,2024-04,Q2 2024
Cortland Fossil Creek,2024-04-27,1.6188107777397236,0.8854166666666666,1.4333220427903801,1.0,2024-04,Q2 2024
Cortland Fossil Creek,2024-04-28,1.6188107777397236,0.8854166666666666,1.4333220427903801,1.0,2024-04,Q2 2024
Cortland Fossil Creek,2024-04-29,1.6167222425212893,0.8854166666666666,1.4314728188990582,1.0,2024-04,Q2 2024
Cortland Fossil Creek,2024-04-30,1.6170571510575744,0.8791666666666667,1.421662745304784,1.0,2024-04,Q2 2024
Cortland Fossil Creek,2024-05-01,1.6158975937980404,0.8833333333333333,1.4273762078549357,1.0,2024-05,Q2 2024
Cortland Fossil Creek,2024-05-02,1.6169445208720679,0.8854166666666666,1.4316696278554768,1.0,2024-05,Q2 2024
Cortland Fossil Creek,2024-05-03,1.6169445208720679,0.8854166666666666,1.4316696278554768,1.0,2024-05,Q2 2024
Cortland Fossil Creek,2024-05-04,1.6169445208720679,0.8854166666666666,1.4316696278554768,1.0,2024-05,Q2 2024
Cortland Fossil Creek,2024-05-05,1.6143015938337153,0.88125,1.4226032795659616,1.0,2024-05,Q2 2024
Cortland Fossil Creek,2024-05-06,1.6143015938337153,0.88125,1.4226032795659616,1.0,2024-05,Q2 2024
Cortland Fossil Creek,2024-05-07,1.6153685982179133,0.88125,1.4235435771795362,1.0,2024-05,Q2 2024
Cortland Fossil Creek,2024-05-08,1.6131921586976472,0.8875,1.4317080408441618,1.0,2024-05,Q2 2024
Cortland Fossil Creek,2024-05-09,1.6140069015922498,0.8875,1.4324311251631217,1.0,2024-05,Q2 2024
Cortland Fossil Creek,2024-05-10,1.6140069015922498,0.8895833333333334,1.435793639541439,1.0,2024-05,Q2 2024
Cortland Fossil Creek,2024-05-11,1.61434570092135,0.8895833333333334,1.4360950297779511,1.0,2024-05,Q2 2024
Cortland Fossil Creek,2024-05-12,1.61434570092135,0.8916666666666666,1.4394582499882036,1.0,2024-05,Q2 2024
Cortland Fossil Creek,2024-05-13,1.61434570092135,0.8916666666666666,1.4394582499882036,1.0,2024-05,Q2 2024
Cortland Fossil Creek,2024-05-14,1.6122144664012712,0.8895833333333334,1.4341991190694643,1.0,2024-05,Q2 2024
Cortland Fossil Creek,2024-05-15,1.609767752122219,0.8916666666666666,1.4353762456423118,1.0,2024-05,Q2 2024
Cortland Fossil Creek,2024-05-16,1.609767752122219,0.8916666666666666,1.4353762456423118,1.0,2024-05,Q2 2024
Cortland Fossil Creek,2024-05-17,1.6097816124593052,0.8895833333333334,1.432034892750257,1.0,2024-05,Q2 2024
Cortland Fossil Creek,2024-05-18,1.607504020625622,0.89375,1.4367067184341498,1.0,2024-05,Q2 2024
Cortland Fossil Creek,2024-05-19,1.607504020625622,0.8958333333333334,1.4400556851437865,1.0,2024-05,Q2 2024
Cortland Fossil Creek,2024-05-20,1.6072177866364847,0.8958333333333334,1.4397992671951843,1.0,2024-05,Q2 2024
Cortland Fossil Creek,2024-05-21,1.6072177866364847,0.8916666666666666,1.433102526417532,1.0,2024-05,Q2 2024
Cortland Fossil Creek,2024-05-22,1.605993000416609,0.8916666666666666,1.4320104253714763,1.0,2024-05,Q2 2024
Cortland Fossil Creek,2024-05-23,1.605993000416609,0.8958333333333334,1.4387020628732123,1.0,2024-05,Q2 2024
Cortland Fossil Creek,2024-05-24,1.605993000416609,0.89375,1.4353562441223444,1.0,2024-05,Q2 2024
Cortland Fossil Creek,2024-05-25,1.605993000416609,0.8916666666666666,1.4320104253714763,1.0,2024-05,Q2 2024
Cortland Fossil Creek,2024-05-26,1.6036239545377313,0.8895833333333334,1.426557142890857,1.0,2024-05,Q2 2024
Cortland Fossil Creek,2024-05-27,1.6034842470486845,0.89375,1.4331140457997618,1.0,2024-05,Q2 2024
Cortland Fossil Creek,2024-05-28,1.6012300764255065,0.8958333333333334,1.4344352767978497,1.0,2024-05,Q2 2024
Cortland Fossil Creek,2024-05-29,1.6024419264080876,0.89375,1.4321824717272285,1.0,2024-05,Q2 2024
Cortland Fossil Creek,2024-05-30,1.6014715904756531,0.8979166666666667,1.4379880322812635,1.0,2024-05,Q2 2024
Cortland Fossil Creek,2024-05-31,1.6014715904756531,0.9,1.4413244314280877,1.0,2024-05,Q2 2024
Cortland Fossil Creek,2024-06-01,1.6042782903194082,0.8979166666666667,1.440508214849302,1.0,2024-06,Q2 2024
Cortland Fossil Creek,2024-06-02,1.6033748822801888,0.9020833333333333,1.4463777583902537,1.0,2024-06,Q2 2024
Cortland Fossil Creek,2024-06-03,1.6040311766124578,0.90625,1.4536532538050397,1.0,2024-06,Q2 2024
Cortland Fossil Creek,2024-06-04,1.6013627398397388,0.9104166666666667,1.4579073277290955,1.0,2024-06,Q2 2024
Cortland Fossil Creek,2024-06-05,1.5970214606885262,0.9145833333333333,1.4606092109213813,1.0,2024-06,Q2 2024
Cortland Fossil Creek,2024-06-06,1.5952424174540762,0.9166666666666666,1.4623055493329031,1.0,2024-06,Q2 2024
Cortland Fossil Creek,2024-06-07,1.591971905742146,0.9145833333333333,1.455990972126671,1.0,2024-06,Q2 2024
Cortland Fossil Creek,2024-06-08,1.591309556406817,0.9208333333333334,1.4653308831912772,1.0,2024-06,Q2 2024
Cortland Fossil Creek,2024-06-09,1.591476392964367,0.9229166666666666,1.4688000876733636,1.0,2024-06,Q2 2024
Cortland Fossil Creek,2024-06-10,1.59061710951816,0.9270833333333334,1.4746346119491276,1.0,2024-06,Q2 2024
Cortland Fossil Creek,2024-06-11,1.5897866140651122,0.9291666666666667,1.477176728902167,1.0,2024-06,Q2 2024
Cortland Fossil Creek,2024-06-12,1.5879947844425206,0.93125,1.4788201430120973,1.0,2024-06,Q2 2024
Cortland Fossil Creek,2024-06-13,1.5879947844425206,0.9291666666666667,1.4755118205445088,1.0,2024-06,Q2 2024
Cortland Fossil Creek,2024-06-14,1.5879947844425206,0.9270833333333334,1.4722034980769203,1.0,2024-06,Q2 2024
Cortland Fossil Creek,2024-06-15,1.5880274836351365,0.9270833333333334,1.4722338129534078,1.0,2024-06,Q2 2024
Cortland Fossil Creek,2024-06-16,1.5883123657473934,0.93125,1.4791158906022601,1.0,2024-06,Q2 2024
Cortland Fossil Creek,2024-06-17,1.5870758513256302,0.9333333333333333,1.4812707945705883,1.0,2024-06,Q2 2024
Cortland Fossil Creek,2024-06-18,1.587571525531399,0.9375,1.4883483051856865,1.0,2024-06,Q2 2024
Cortland Fossil Creek,2024-06-19,1.587571525531399,0.9375,1.4883483051856865,1.0,2024-06,Q2 2024
Cortland Fossil Creek,2024-06-20,1.588176614349774,0.9375,1.4889155759529131,1.0,2024-06,Q2 2024
Cortland Fossil Creek,2024-06-21,1.590494242888113,0.9395833333333333,1.4944018823802896,1.0,2024-06,Q2 2024
Cortland Fossil Creek,2024-06-22,1.590494242888113,0.9416666666666667,1.497715412052973,1.0,2024-06,Q2 2024
Cortland Fossil Creek,2024-06-23,1.590494242888113,0.9416666666666667,1.497715412052973,1.0,2024-06,Q2 2024
Cortland Fossil Creek,2024-06-24,1.5898169691157493,0.9416666666666667,1.4970776459173305,1.0,2024-06,Q2 2024
Cortland Fossil Creek,2024-06-25,1.5898169691157493,0.94375,1.5003897646029885,1.0,2024-06,Q2 2024
Cortland Fossil Creek,2024-06-26,1.5898169691157493,0.9416666666666667,1.4970776459173305,1.0,2024-06,Q2 2024
Cortland Fossil Creek,2024-06-27,1.5892744635830511,0.9375,1.4899448096091104,1.0,2024-06,Q2 2024
Cortland Fossil Creek,2024-06-28,1.5892744635830511,0.9375,1.4899448096091104,1.0,2024-06,Q2 2024
Cortland Fossil Creek,2024-06-29,1.5892744635830511,0.9375,1.4899448096091104,1.0,2024-06,Q2 2024
Cortland Fossil Creek,2024-06-30,1.5892744635830511,0.9375,1.4899448096091104,1.0,2024-06,Q2 2024
Cortland Fossil Creek,2024-07-01,1.5900199882945178,0.9375,1.4906437390261105,1.0,2024-07,Q3 2024
Cortland Fossil Creek,2024-07-02,1.5900199882945178,0.9375,1.4906437390261105,1.0,2024-07,Q3 2024
Cortland Fossil Creek,2024-07-03,1.5900199882945178,0.9375,1.4906437390261105,1.0,2024-07,Q3 2024
Cortland Fossil Creek,2024-07-04,1.5900199882945178,0.9375,1.4906437390261105,1.0,2024-07,Q3 2024
Cortland Fossil Creek,2024-07-05,1.5906501721052302,0.9375,1.4912345363486532,1.0,2024-07,Q3 2024
Cortland Fossil Creek,2024-07-06,1.5921168942324948,0.9375,1.492609588342964,1.0,2024-07,Q3 2024
Cortland Fossil Creek,2024-07-07,1.5921168942324948,0.9416666666666667,1.4992434087355992,1.0,2024-07,Q3 2024
Cortland Fossil Creek,2024-07-08,1.5927341310546248,0.9354166666666667,1.4898700517573469,1.0,2024-07,Q3 2024
Cortland Fossil Creek,2024-07-09,1.5927341310546248,0.9375,1.4931882478637108,1.0,2024-07,Q3 2024
Cortland Fossil Creek,2024-07-10,1.5934336073717295,0.9354166666666667,1.4905243535623052,1.0,2024-07,Q3 2024
Cortland Fossil Creek,2024-07-11,1.5924163314788011,0.93125,1.4829377086896336,1.0,2024-07,Q3 2024
Cortland Fossil Creek,2024-07-12,1.5924163314788011,0.9333333333333333,1.4862552427135478,1.0,2024-07,Q3 2024
Cortland Fossil Creek,2024-07-13,1.5924163314788011,0.9333333333333333,1.4862552427135478,1.0,2024-07,Q3 2024
Cortland Fossil Creek,2024-07-14,1.5931113884026928,0.9333333333333333,1.48690396250918,1.0,2024-07,Q3 2024
Cortland Fossil Creek,2024-07-15,1.593908608520677,0.9333333333333333,1.4876480346192986,1.0,2024-07,Q3 2024
Cortland Fossil Creek,2024-07-16,1.5947006909800618,0.9354166666666667,1.4917096046875995,1.0,2024-07,Q3 2024
Cortland Fossil Creek,2024-07-17,1.5947006909800618,0.9375,1.495031897793808,1.0,2024-07,Q3 2024
Cortland Fossil Creek,2024-07-18,1.5947006909800618,0.9333333333333333,1.488387311581391,1.0,2024-07,Q3 2024
Cortland Fossil Creek,2024-07-19,1.5947006909800618,0.9291666666666667,1.4817427253689741,1.0,2024-07,Q3 2024
Cortland Fossil Creek,2024-07-20,1.5945488901319216,0.9291666666666667,1.4816016770809106,1.0,2024-07,Q3 2024
Cortland Fossil Creek,2024-07-21,1.5945488901319216,0.9333333333333333,1.4882456307897935,1.0,2024-07,Q3 2024
Cortland Fossil Creek,2024-07-22,1.5948904073220906,0.9333333333333333,1.4885643801672845,1.0,2024-07,Q3 2024
Cortland Fossil Creek,2024-07-23,1.5964455783608986,0.9375,1.4966677297133424,1.0,2024-07,Q3 2024
Cortland Fossil Creek,2024-07-24,1.5964455783608986,0.9395833333333333,1.4999936580015942,1.0,2024-07,Q3 2024
Cortland Fossil Creek,2024-07-25,1.5964455783608986,0.9395833333333333,1.4999936580015942,1.0,2024-07,Q3 2024
Cortland Fossil Creek,2024-07-26,1.5964455783608986,0.9395833333333333,1.4999936580015942,1.0,2024-07,Q3 2024
Cortland Fossil Creek,2024-07-27,1.5964455783608986,0.9375,1.4966677297133424,1.0,2024-07,Q3 2024
Cortland Fossil Creek,2024-07-28,1.5964455783608986,0.9354166666666667,1.4933418014250905,1.0,2024-07,Q3 2024
Cortland Fossil Creek,2024-07-29,1.5964455783608986,0.9354166666666667,1.4933418014250905,1.0,2024-07,Q3 2024
Cortland Fossil Creek,2024-07-30,1.5964455783608986,0.9333333333333333,1.4900158731368387,1.0,2024-07,Q3 2024
Cortland Fossil Creek,2024-07-31,1.5975437422338963,0.93125,1.487712609955316,1.0,2024-07,Q3 2024
Cortland Fossil Creek,2024-08-01,1.5975437422338963,0.93125,1.487712609955316,1.0,2024-08,Q3 2024
Cortland Fossil Creek,2024-08-02,1.596542267875855,0.93125,1.48677998695939,1.0,2024-08,Q3 2024
Cortland Fossil Creek,2024-08-03,1.596542267875855,0.93125,1.48677998695939,1.0,2024-08,Q3 2024
Cortland Fossil Creek,2024-08-04,1.596542267875855,0.93125,1.48677998695939,1.0,2024-08,Q3 2024
Cortland Fossil Creek,2024-08-05,1.5975288070701132,0.93125,1.487698701584043,1.0,2024-08,Q3 2024
Cortland Fossil Creek,2024-08-06,1.5975288070701132,0.93125,1.487698701584043,1.0,2024-08,Q3 2024
Cortland Fossil Creek,2024-08-07,1.5975288070701132,0.93125,1.487698701584043,1.0,2024-08,Q3 2024
Cortland Fossil Creek,2024-08-08,1.5975288070701132,0.9291666666666667,1.4843705165693135,1.0,2024-08,Q3 2024
Cortland Fossil Creek,2024-08-09,1.596593321931565,0.9229166666666666,1.47352258669934,1.0,2024-08,Q3 2024
Cortland Fossil Creek,2024-08-10,1.596593321931565,0.91875,1.4668701145246252,1.0,2024-08,Q3 2024
Cortland Fossil Creek,2024-08-11,1.596593321931565,0.91875,1.4668701145246252,1.0,2024-08,Q3 2024
Cortland Fossil Creek,2024-08-12,1.596593321931565,0.9166666666666666,1.4635438784372679,1.0,2024-08,Q3 2024
Cortland Fossil Creek,2024-08-13,1.596593321931565,0.9166666666666666,1.4635438784372679,1.0,2024-08,Q3 2024
Cortland Fossil Creek,2024-08-14,1.5967083080016398,0.9166666666666666,1.4636492823348364,1.0,2024-08,Q3 2024
Cortland Fossil Creek,2024-08-15,1.5967083080016398,0.91875,1.4669757579765064,1.0,2024-08,Q3 2024
Cortland Fossil Creek,2024-08-16,1.5967083080016398,0.91875,1.4669757579765064,1.0,2024-08,Q3 2024
Cortland Fossil Creek,2024-08-17,1.5967083080016398,0.91875,1.4669757579765064,1.0,2024-08,Q3 2024
Cortland Fossil Creek,2024-08-18,1.5967083080016398,0.91875,1.4669757579765064,1.0,2024-08,Q3 2024
Cortland Fossil Creek,2024-08-19,1.5967083080016398,0.91875,1.4669757579765064,1.0,2024-08,Q3 2024
Cortland Fossil Creek,2024-08-20,1.5967083080016398,0.91875,1.4669757579765064,1.0,2024-08,Q3 2024
Cortland Fossil Creek,2024-08-21,1.5967083080016398,0.91875,1.4669757579765064,1.0,2024-08,Q3 2024
Cortland Fossil Creek,2024-08-22,1.5967083080016398,0.91875,1.4669757579765064,1.0,2024-08,Q3 2024
Cortland Fossil Creek,2024-08-23,1.5967083080016398,0.91875,1.4669757579765064,1.0,2024-08,Q3 2024
Cortland Fossil Creek,2024-08-24,1.597147392797177,0.9125,1.457396995927424,1.0,2024-08,Q3 2024
Cortland Fossil Creek,2024-08-25,1.597147392797177,0.9166666666666666,1.4640517767307457,1.0,2024-08,Q3 2024
Cortland Fossil Creek,2024-08-26,1.597147392797177,0.9166666666666666,1.4640517767307457,1.0,2024-08,Q3 2024
Cortland Fossil Creek,2024-08-27,1.5965793805639703,0.9166666666666666,1.463531098850306,1.0,2024-08,Q3 2024
Cortland Fossil Creek,2024-08-28,1.5965793805639703,0.91875,1.4668573058931476,1.0,2024-08,Q3 2024
Cortland Fossil Creek,2024-08-29,1.5965793805639703,0.91875,1.4668573058931476,1.0,2024-08,Q3 2024
Cortland Fossil Creek,2024-08-30,1.5965793805639703,0.91875,1.4668573058931476,1.0,2024-08,Q3 2024
Cortland Fossil Creek,2024-08-31,1.5965793805639703,0.91875,1.4668573058931476,1.0,2024-08,Q3 2024
Cortland Fossil Creek,2024-09-01,1.5965793805639703,0.91875,1.4668573058931476,1.0,2024-09,Q3 2024
Cortland Fossil Creek,2024-09-02,1.5965793805639703,0.91875,1.4668573058931476,1.0,2024-09,Q3 2024
Cortland Fossil Creek,2024-09-03,1.5965793805639703,0.91875,1.4668573058931476,1.0,2024-09,Q3 2024
Cortland Fossil Creek,2024-09-04,1.5965793805639703,0.91875,1.4668573058931476,1.0,2024-09,Q3 2024
Cortland Fossil Creek,2024-09-05,1.5956229137716929,0.9166666666666666,1.4626543376240517,1.0,2024-09,Q3 2024
Cortland Fossil Creek,2024-09-06,1.5956229137716929,0.91875,1.4659785520277426,1.0,2024-09,Q3 2024
Cortland Fossil Creek,2024-09-07,1.5949766282049604,0.91875,1.4653847771633073,1.0,2024-09,Q3 2024
Cortland Fossil Creek,2024-09-08,1.5949766282049604,0.9208333333333334,1.4687076451387344,1.0,2024-09,Q3 2024
Cortland Fossil Creek,2024-09-09,1.5949766282049604,0.9208333333333334,1.4687076451387344,1.0,2024-09,Q3 2024
Cortland Fossil Creek,2024-09-10,1.5960309602784777,0.9145833333333333,1.459703315754691,1.0,2024-09,Q3 2024
Cortland Fossil Creek,2024-09-11,1.5960309602784777,0.9166666666666666,1.463028380255271,1.0,2024-09,Q3 2024
Cortland Fossil Creek,2024-09-12,1.5960309602784777,0.9145833333333333,1.459703315754691,1.0,2024-09,Q3 2024
Cortland Fossil Creek,2024-09-13,1.5958984397603173,0.9104166666666667,1.452932537865122,1.0,2024-09,Q3 2024
Cortland Fossil Creek,2024-09-14,1.5958984397603173,0.9125,1.4562573262812895,1.0,2024-09,Q3 2024
Cortland Fossil Creek,2024-09-15,1.5958984397603173,0.9125,1.4562573262812895,1.0,2024-09,Q3 2024
Cortland Fossil Creek,2024-09-16,1.5958984397603173,0.9125,1.4562573262812895,1.0,2024-09,Q3 2024
Cortland Fossil Creek,2024-09-17,1.5958984397603173,0.9104166666666667,1.452932537865122,1.0,2024-09,Q3 2024
Cortland Fossil Creek,2024-09-18,1.5959555573276,0.9083333333333333,1.4496596312392367,1.0,2024-09,Q3 2024
Cortland Fossil Creek,2024-09-19,1.5959555573276,0.9145833333333333,1.4596343534725342,1.0,2024-09,Q3 2024
Cortland Fossil Creek,2024-09-20,1.5959555573276,0.9125,1.456309446061435,1.0,2024-09,Q3 2024
Cortland Fossil Creek,2024-09-21,1.5959555573276,0.9125,1.456309446061435,1.0,2024-09,Q3 2024
Cortland Fossil Creek,2024-09-22,1.5959555573276,0.9125,1.456309446061435,1.0,2024-09,Q3 2024
Cortland Fossil Creek,2024-09-23,1.5959555573276,0.9125,1.456309446061435,1.0,2024-09,Q3 2024
Cortland Fossil Creek,2024-09-24,1.5959555573276,0.9104166666666667,1.452984538650336,1.0,2024-09,Q3 2024
Cortland Fossil Creek,2024-09-25,1.5959555573276,0.9104166666666667,1.452984538650336,1.0,2024-09,Q3 2024
Cortland Fossil Creek,2024-09-26,1.5959555573276,0.9104166666666667,1.452984538650336,1.0,2024-09,Q3 2024
Cortland Fossil Creek,2024-09-27,1.5959555573276,0.9104166666666667,1.452984538650336,1.0,2024-09,Q3 2024
Cortland Fossil Creek,2024-09-28,1.5959555573276,0.9104166666666667,1.452984538650336,1.0,2024-09,Q3 2024
Cortland Fossil Creek,2024-09-29,1.5959555573276,0.9104166666666667,1.452984538650336,1.0,2024-09,Q3 2024
Cortland Fossil Creek,2024-09-30,1.5959555573276,0.90625,1.4463347238281377,1.0,2024-09,Q3 2024
Cortland Fossil Creek,2024-10-01,1.5959555573276,0.9,1.4363600015948401,1.0,2024-10,Q4 2024
Cortland Fossil Creek,2024-10-02,1.5953187482068734,0.8958333333333334,1.4291397119353242,1.0,2024-10,Q4 2024
Cortland Fossil Creek,2024-10-03,1.5941377063308766,0.8979166666666667,1.4314028154762664,1.0,2024-10,Q4 2024
Cortland Fossil Creek,2024-10-04,1.5941377063308766,0.8979166666666667,1.4314028154762664,1.0,2024-10,Q4 2024
Cortland Fossil Creek,2024-10-05,1.5941377063308766,0.8958333333333334,1.4280816952547437,1.0,2024-10,Q4 2024
Cortland Fossil Creek,2024-10-06,1.5941377063308766,0.8958333333333334,1.4280816952547437,1.0,2024-10,Q4 2024
Cortland Fossil Creek,2024-10-07,1.5941377063308766,0.8958333333333334,1.4280816952547437,1.0,2024-10,Q4 2024
Cortland Fossil Creek,2024-10-08,1.5927739308928168,0.8958333333333334,1.4268599797581485,1.0,2024-10,Q4 2024
Cortland Fossil Creek,2024-10-09,1.5927739308928168,0.9,1.4334965378035351,1.0,2024-10,Q4 2024
Cortland Fossil Creek,2024-10-10,1.5934826708881562,0.9,1.4341344037993407,1.0,2024-10,Q4 2024
Cortland Fossil Creek,2024-10-11,1.5934826708881562,0.9041666666666667,1.4407739149280412,1.0,2024-10,Q4 2024
Cortland Fossil Creek,2024-10-12,1.5934826708881562,0.9,1.4341344037993407,1.0,2024-10,Q4 2024
Cortland Fossil Creek,2024-10-13,1.593548666291979,0.8958333333333334,1.4275540135532314,1.0,2024-10,Q4 2024
Cortland Fossil Creek,2024-10-14,1.593548666291979,0.8979166666666667,1.4308739066080063,1.0,2024-10,Q4 2024
Cortland Fossil Creek,2024-10-15,1.593548666291979,0.8979166666666667,1.4308739066080063,1.0,2024-10,Q4 2024
Cortland Fossil Creek,2024-10-16,1.593548666291979,0.8979166666666667,1.4308739066080063,1.0,2024-10,Q4 2024
Cortland Fossil Creek,2024-10-17,1.5943797498940695,0.8979166666666667,1.4316201504257167,1.0,2024-10,Q4 2024
Cortland Fossil Creek,2024-10-18,1.5943797498940695,0.9,1.4349417749046627,1.0,2024-10,Q4 2024
Cortland Fossil Creek,2024-10-19,1.5943797498940695,0.9,1.4349417749046627,1.0,2024-10,Q4 2024
Cortland Fossil Creek,2024-10-20,1.5943797498940695,0.9,1.4349417749046627,1.0,2024-10,Q4 2024
Cortland Fossil Creek,2024-10-21,1.5943797498940695,0.9,1.4349417749046627,1.0,2024-10,Q4 2024
Cortland Fossil Creek,2024-10-22,1.5943797498940695,0.9,1.4349417749046627,1.0,2024-10,Q4 2024
Cortland Fossil Creek,2024-10-23,1.5957439055346978,0.8916666666666666,1.422871649101772,1.0,2024-10,Q4 2024
Cortland Fossil Creek,2024-10-24,1.5943237659584653,0.8916666666666666,1.4216053579796315,1.0,2024-10,Q4 2024
Cortland Fossil Creek,2024-10-25,1.59504794177185,0.89375,1.425574097958591,1.0,2024-10,Q4 2024
Cortland Fossil Creek,2024-10-26,1.59504794177185,0.89375,1.425574097958591,1.0,2024-10,Q4 2024
Cortland Fossil Creek,2024-10-27,1.59504794177185,0.89375,1.425574097958591,1.0,2024-10,Q4 2024
Cortland Fossil Creek,2024-10-28,1.59504794177185,0.89375,1.425574097958591,1.0,2024-10,Q4 2024
Cortland Fossil Creek,2024-10-29,1.59504794177185,0.89375,1.425574097958591,1.0,2024-10,Q4 2024
Cortland Fossil Creek,2024-10-30,1.5934536515957547,0.8916666666666666,1.4208295060062146,1.0,2024-10,Q4 2024
Cortland Fossil Creek,2024-10-31,1.5934536515957547,0.89375,1.4241492011137058,1.0,2024-10,Q4 2024
Cortland Fossil Creek,2024-11-01,1.5945440828690096,0.89375,1.4251237740641773,1.0,2024-11,Q4 2024
Cortland Fossil Creek,2024-11-02,1.5921142185410069,0.8979166666666667,1.4295858920649458,1.0,2024-11,Q4 2024
Cortland Fossil Creek,2024-11-03,1.5904131229021436,0.9020833333333333,1.434685171284642,1.0,2024-11,Q4 2024
Cortland Fossil Creek,2024-11-04,1.5904131229021436,0.9041666666666667,1.437998531957355,1.0,2024-11,Q4 2024
Cortland Fossil Creek,2024-11-05,1.5904131229021436,0.9041666666666667,1.437998531957355,1.0,2024-11,Q4 2024
Cortland Fossil Creek,2024-11-06,1.5886526209476364,0.9020833333333333,1.4330970518131803,1.0,2024-11,Q4 2024
Cortland Fossil Creek,2024-11-07,1.5886526209476364,0.9041666666666667,1.4364067447734878,1.0,2024-11,Q4 2024
Cortland Fossil Creek,2024-11-08,1.5881004495711328,0.9041666666666667,1.435907489820566,1.0,2024-11,Q4 2024
Cortland Fossil Creek,2024-11-09,1.5888007320926727,0.9083333333333333,1.4431606649841777,1.0,2024-11,Q4 2024
Cortland Fossil Creek,2024-11-10,1.5888007320926727,0.9083333333333333,1.4431606649841777,1.0,2024-11,Q4 2024
Cortland Fossil Creek,2024-11-11,1.5888007320926727,0.9083333333333333,1.4431606649841777,1.0,2024-11,Q4 2024
Cortland Fossil Creek,2024-11-12,1.5893618651360295,0.9041666666666667,1.43704801972716,1.0,2024-11,Q4 2024
Cortland Fossil Creek,2024-11-13,1.5885684097362418,0.9041666666666667,1.4363306038031853,1.0,2024-11,Q4 2024
Cortland Fossil Creek,2024-11-14,1.5885684097362418,0.90625,1.439640121323469,1.0,2024-11,Q4 2024
Cortland Fossil Creek,2024-11-15,1.5877664237357576,0.9041666666666667,1.4356054747944142,1.0,2024-11,Q4 2024
Cortland Fossil Creek,2024-11-16,1.5877664237357576,0.90625,1.4389133215105303,1.0,2024-11,Q4 2024
Cortland Fossil Creek,2024-11-17,1.5877664237357576,0.90625,1.4389133215105303,1.0,2024-11,Q4 2024
Cortland Fossil Creek,2024-11-18,1.5844223425228254,0.90625,1.4358827479113105,1.0,2024-11,Q4 2024
Cortland Fossil Creek,2024-11-19,1.5806143028596966,0.9104166666666667,1.4390176048951822,1.0,2024-11,Q4 2024
Cortland Fossil Creek,2024-11-20,1.5806143028596966,0.9125,1.4423105513594732,1.0,2024-11,Q4 2024
Cortland Fossil Creek,2024-11-21,1.5801225695836552,0.9104166666666667,1.4385699227251194,1.0,2024-11,Q4 2024
Cortland Fossil Creek,2024-11-22,1.5808038634348496,0.9125,1.4424835253843002,1.0,2024-11,Q4 2024
Cortland Fossil Creek,2024-11-23,1.5809608487903515,0.9125,1.4426267745211956,1.0,2024-11,Q4 2024
Cortland Fossil Creek,2024-11-24,1.581326174924367,0.9125,1.4429601346184848,1.0,2024-11,Q4 2024
Cortland Fossil Creek,2024-11-25,1.581326174924367,0.9145833333333333,1.4462545641495772,1.0,2024-11,Q4 2024
Cortland Fossil Creek,2024-11-26,1.579871285092006,0.9145833333333333,1.4449239461570638,1.0,2024-11,Q4 2024
Cortland Fossil Creek,2024-11-27,1.5802145985909732,0.9145833333333333,1.4452379349613276,1.0,2024-11,Q4 2024
Cortland Fossil Creek,2024-11-28,1.5805562813239986,0.9166666666666666,1.448843257880332,1.0,2024-11,Q4 2024
Cortland Fossil Creek,2024-11-29,1.5805562813239986,0.91875,1.4521360834664236,1.0,2024-11,Q4 2024
Cortland Fossil Creek,2024-11-30,1.5805562813239986,0.9166666666666666,1.448843257880332,1.0,2024-11,Q4 2024
Cortland Fossil Creek,2024-12-01,1.5805562813239986,0.9166666666666666,1.448843257880332,1.0,2024-12,Q4 2024
Cortland Fossil Creek,2024-12-02,1.5805562813239986,0.9145833333333333,1.4455504322942403,1.0,2024-12,Q4 2024
Cortland Fossil Creek,2024-12-03,1.5808963448829492,0.9125,1.4425679147056911,1.0,2024-12,Q4 2024
Cortland Fossil Creek,2024-12-04,1.5808963448829492,0.9145833333333333,1.4458614487575305,1.0,2024-12,Q4 2024
Cortland Fossil Creek,2024-12-05,1.5808963448829492,0.9104166666666667,1.4392743806538517,1.0,2024-12,Q4 2024
Cortland Fossil Creek,2024-12-06,1.5808963448829492,0.9104166666666667,1.4392743806538517,1.0,2024-12,Q4 2024
Cortland Fossil Creek,2024-12-07,1.5808963448829492,0.9104166666666667,1.4392743806538517,1.0,2024-12,Q4 2024
Cortland Fossil Creek,2024-12-08,1.5808963448829492,0.9104166666666667,1.4392743806538517,1.0,2024-12,Q4 2024
Cortland Fossil Creek,2024-12-09,1.5808963448829492,0.9104166666666667,1.4392743806538517,1.0,2024-12,Q4 2024
Cortland Fossil Creek,2024-12-10,1.581480426294068,0.9083333333333333,1.4365113872171118,1.0,2024-12,Q4 2024
Cortland Fossil Creek,2024-12-11,1.581480426294068,0.9104166666666667,1.4398061381052245,1.0,2024-12,Q4 2024
Cortland Fossil Creek,2024-12-12,1.581480426294068,0.9083333333333333,1.4365113872171118,1.0,2024-12,Q4 2024
Cortland Fossil Creek,2024-12-13,1.581480426294068,0.9083333333333333,1.4365113872171118,1.0,2024-12,Q4 2024
Cortland Fossil Creek,2024-12-14,1.581480426294068,0.90625,1.433216636328999,1.0,2024-12,Q4 2024
Cortland Fossil Creek,2024-12-15,1.581480426294068,0.90625,1.433216636328999,1.0,2024-12,Q4 2024
Cortland Fossil Creek,2024-12-16,1.581480426294068,0.90625,1.433216636328999,1.0,2024-12,Q4 2024
Cortland Fossil Creek,2024-12-17,1.5811555305523473,0.90625,1.4329221995630648,1.0,2024-12,Q4 2024
Cortland Fossil Creek,2024-12-18,1.5801632354095014,0.9083333333333333,1.435314938830297,1.0,2024-12,Q4 2024
Cortland Fossil Creek,2024-12-19,1.5807433022110355,0.9104166666666667,1.4391350480546303,1.0,2024-12,Q4 2024
Cortland Fossil Creek,2024-12-20,1.5807433022110355,0.9104166666666667,1.4391350480546303,1.0,2024-12,Q4 2024
Cortland Fossil Creek,2024-12-21,1.5807433022110355,0.9083333333333333,1.4358418328416906,1.0,2024-12,Q4 2024
Cortland Fossil Creek,2024-12-22,1.5807433022110355,0.9083333333333333,1.4358418328416906,1.0,2024-12,Q4 2024
Cortland Fossil Creek,2024-12-23,1.5807433022110355,0.9083333333333333,1.4358418328416906,1.0,2024-12,Q4 2024
Cortland Fossil Creek,2024-12-24,1.5807433022110355,0.90625,1.432548617628751,1.0,2024-12,Q4 2024
Cortland Fossil Creek,2024-12-25,1.5807433022110355,0.90625,1.432548617628751,1.0,2024-12,Q4 2024
Cortland Fossil Creek,2024-12-26,1.5807433022110355,0.90625,1.432548617628751,1.0,2024-12,Q4 2024
Cortland Fossil Creek,2024-12-27,1.5812350473400192,0.9020833333333333,1.4264057822879757,1.0,2024-12,Q4 2024
Cortland Fossil Creek,2024-12-28,1.5812350473400192,0.9041666666666667,1.429700021969934,1.0,2024-12,Q4 2024
Cortland Fossil Creek,2024-12-29,1.5812350473400192,0.9020833333333333,1.4264057822879757,1.0,2024-12,Q4 2024
Cortland Fossil Creek,2024-12-30,1.5812350473400192,0.9,1.4231115426060172,1.0,2024-12,Q4 2024
Cortland Fossil Creek,2024-12-31,1.5812350473400192,0.9,1.4231115426060172,1.0,2024-12,Q4 2024
Cortland Fossil Creek,2025-01-01,1.5812350473400192,0.9,1.4231115426060172,1.0,2025-01,Q1 2025
Cortland Fossil Creek,2025-01-02,1.5812350473400192,0.9,1.4231115426060172,1.0,2025-01,Q1 2025
Cortland Fossil Creek,2025-01-03,1.5812350473400192,0.9,1.4231115426060172,1.0,2025-01,Q1 2025
Cortland Fossil Creek,2025-01-04,1.5819626065975918,0.8979166666666667,1.420470590507421,1.0,2025-01,Q1 2025
Cortland Fossil Creek,2025-01-05,1.5819626065975918,0.9,1.4237663459378327,1.0,2025-01,Q1 2025
Cortland Fossil Creek,2025-01-06,1.5819626065975918,0.8979166666666667,1.420470590507421,1.0,2025-01,Q1 2025
Cortland Fossil Creek,2025-01-07,1.5819626065975918,0.8958333333333334,1.4171748350770095,1.0,2025-01,Q1 2025
Cortland Fossil Creek,2025-01-08,1.5817471580411189,0.8916666666666666,1.4103912159199976,1.0,2025-01,Q1 2025
Cortland Fossil Creek,2025-01-09,1.5812673010890008,0.89375,1.4132576503482945,1.0,2025-01,Q1 2025
Cortland Fossil Creek,2025-01-10,1.5818206847451233,0.8958333333333334,1.4170476967508396,1.0,2025-01,Q1 2025
Cortland Fossil Creek,2025-01-11,1.5818206847451233,0.8979166666666667,1.4203431565107254,1.0,2025-01,Q1 2025
Cortland Fossil Creek,2025-01-12,1.5811141250567713,0.8979166666666667,1.4197087247905593,1.0,2025-01,Q1 2025
Cortland Fossil Creek,2025-01-13,1.5811141250567713,0.9020833333333333,1.4262967003116291,1.0,2025-01,Q1 2025
Cortland Fossil Creek,2025-01-14,1.5820770656753824,0.9,1.4238693591078442,1.0,2025-01,Q1 2025
Cortland Fossil Creek,2025-01-15,1.5827888485297867,0.8458333333333333,1.338775567714778,1.0,2025-01,Q1 2025
Cortland Fossil Creek,2025-01-16,1.5827888485297867,0.8854166666666666,1.4014276263024152,1.0,2025-01,Q1 2025
Cortland Fossil Creek,2025-01-17,1.5827888485297867,0.8854166666666666,1.4014276263024152,1.0,2025-01,Q1 2025
Cortland Fossil Creek,2025-01-18,1.5827888485297867,0.8854166666666666,1.4014276263024152,1.0,2025-01,Q1 2025
Cortland Fossil Creek,2025-01-19,1.5827888485297867,0.8854166666666666,1.4014276263024152,1.0,2025-01,Q1 2025
Cortland Fossil Creek,2025-01-20,1.5827888485297867,0.8854166666666666,1.4014276263024152,1.0,2025-01,Q1 2025
Cortland Fossil Creek,2025-01-21,1.5827888485297867,0.8854166666666666,1.4014276263024152,1.0,2025-01,Q1 2025
Cortland Fossil Creek,2025-01-22,1.5827888485297867,0.8854166666666666,1.4014276263024152,1.0,2025-01,Q1 2025
Cortland Fossil Creek,2025-01-23,1.5827888485297867,0.8854166666666666,1.4014276263024152,1.0,2025-01,Q1 2025
Cortland Fossil Creek,2025-01-24,1.5827888485297867,0.8854166666666666,1.4014276263024152,1.0,2025-01,Q1 2025
Cortland Fossil Creek,2025-01-25,1.5827888485297867,0.8854166666666666,1.4014276263024152,1.0,2025-01,Q1 2025
Cortland Fossil Creek,2025-01-26,1.5827888485297867,0.8854166666666666,1.4014276263024152,1.0,2025-01,Q1 2025
Cortland Fossil Creek,2025-01-27,1.5827888485297867,0.8854166666666666,1.4014276263024152,1.0,2025-01,Q1 2025
Cortland Fossil Creek,2025-01-28,1.5827888485297867,0.8854166666666666,1.4014276263024152,1.0,2025-01,Q1 2025
Cortland Fossil Creek,2025-01-29,1.5827888485297867,0.8854166666666666,1.4014276263024152,1.0,2025-01,Q1 2025
Cortland Fossil Creek,2025-01-30,1.5827888485297867,0.8854166666666666,1.4014276263024152,1.0,2025-01,Q1 2025
Cortland Fossil Creek,2025-01-31,1.5827888485297867,0.8854166666666666,1.4014276263024152,1.0,2025-01,Q1 2025
Cortland Fossil Creek,2025-02-01,1.5827888485297867,0.8854166666666666,1.4014276263024152,1.0,2025-02,Q1 2025
Cortland Fossil Creek,2025-02-02,1.5827888485297867,0.8854166666666666,1.4014276263024152,1.0,2025-02,Q1 2025
Cortland Fossil Creek,2025-02-03,1.5827888485297867,0.8854166666666666,1.4014276263024152,1.0,2025-02,Q1 2025
Cortland Fossil Creek,2025-02-04,1.5827888485297867,0.8854166666666666,1.4014276263024152,1.0,2025-02,Q1 2025
Cortland Fossil Creek,2025-02-05,1.5827888485297867,0.8854166666666666,1.4014276263024152,1.0,2025-02,Q1 2025
Cortland Fossil Creek,2025-02-06,1.5827888485297867,0.8854166666666666,1.4014276263024152,1.0,2025-02,Q1 2025
Cortland Fossil Creek,2025-02-07,1.5827888485297867,0.8854166666666666,1.4014276263024152,1.0,2025-02,Q1 2025
Cortland Fossil Creek,2025-02-08,1.5827888485297867,0.8854166666666666,1.4014276263024152,1.0,2025-02,Q1 2025
Cortland Fossil Creek,2025-02-09,1.5827888485297867,0.8854166666666666,1.4014276263024152,1.0,2025-02,Q1 2025
Cortland Fossil Creek,2025-02-10,1.5827888485297867,0.8854166666666666,1.4014276263024152,1.0,2025-02,Q1 2025
Cortland Fossil Creek,2025-02-11,1.5827888485297867,0.8854166666666666,1.4014276263024152,1.0,2025-02,Q1 2025
Cortland Fossil Creek,2025-02-12,1.5827888485297867,0.8854166666666666,1.4014276263024152,1.0,2025-02,Q1 2025
Cortland Fossil Creek,2025-02-13,1.5827888485297867,0.8854166666666666,1.4014276263024152,1.0,2025-02,Q1 2025
Cortland Fossil Creek,2025-02-14,1.5827888485297867,0.8854166666666666,1.4014276263024152,1.0,2025-02,Q1 2025
Cortland Fossil Creek,2025-02-15,1.5827888485297867,0.8854166666666666,1.4014276263024152,1.0,2025-02,Q1 2025
Cortland Fossil Creek,2025-02-16,1.5827888485297867,0.8854166666666666,1.4014276263024152,1.0,2025-02,Q1 2025
Cortland Fossil Creek,2025-02-17,1.5827888485297867,0.8854166666666666,1.4014276263024152,1.0,2025-02,Q1 2025
Cortland Fossil Creek,2025-02-18,1.5827888485297867,0.8854166666666666,1.4014276263024152,1.0,2025-02,Q1 2025
Cortland Fossil Creek,2025-02-19,1.5827888485297867,0.8854166666666666,1.4014276263024152,1.0,2025-02,Q1 2025
Cortland Fossil Creek,2025-02-20,1.5827888485297867,0.8854166666666666,1.4014276263024152,1.0,2025-02,Q1 2025
Cortland Fossil Creek,2025-02-21,1.5827888485297867,0.8854166666666666,1.4014276263024152,1.0,2025-02,Q1 2025
Cortland Fossil Creek,2025-02-22,1.5827888485297867,0.8854166666666666,1.4014276263024152,1.0,2025-02,Q1 2025
Cortland Fossil Creek,2025-02-23,1.5827888485297867,0.8854166666666666,1.4014276263024152,1.0,2025-02,Q1 2025
Cortland Fossil Creek,2025-02-24,1.5827888485297867,0.8854166666666666,1.4014276263024152,1.0,2025-02,Q1 2025
Cortland Fossil Creek,2025-02-25,1.5827888485297867,0.8854166666666666,1.4014276263024152,1.0,2025-02,Q1 2025
Cortland Fossil Creek,2025-02-26,1.5827888485297867,0.8854166666666666,1.4014276263024152,1.0,2025-02,Q1 2025
Cortland Fossil Creek,2025-02-27,1.5827888485297867,0.8854166666666666,1.4014276263024152,1.0,2025-02,Q1 2025
Cortland Fossil Creek,2025-02-28,1.5827888485297867,0.8854166666666666,1.4014276263024152,1.0,2025-02,Q1 2025
Cortland Fossil Creek,2025-03-01,1.5827888485297867,0.8854166666666666,1.4014276263024152,1.0,2025-03,Q1 2025
Cortland Fossil Creek,2025-03-02,1.5827888485297867,0.8854166666666666,1.4014276263024152,1.0,2025-03,Q1 2025
Cortland Fossil Creek,2025-03-03,1.5827888485297867,0.8854166666666666,1.4014276263024152,1.0,2025-03,Q1 2025
Cortland Fossil Creek,2025-03-04,1.5827888485297867,0.8854166666666666,1.4014276263024152,1.0,2025-03,Q1 2025
Cortland Fossil Creek,2025-03-05,1.5827888485297867,0.8854166666666666,1.4014276263024152,1.0,2025-03,Q1 2025
Cortland Fossil Creek,2025-03-06,1.5827888485297867,0.8854166666666666,1.4014276263024152,1.0,2025-03,Q1 2025
Cortland Fossil Creek,2025-03-07,1.5827888485297867,0.8854166666666666,1.4014276263024152,1.0,2025-03,Q1 2025
Cortland Fossil Creek,2025-03-08,1.5827888485297867,0.8854166666666666,1.4014276263024152,1.0,2025-03,Q1 2025
Cortland Fossil Creek,2025-03-09,1.5827888485297867,0.8854166666666666,1.4014276263024152,1.0,2025-03,Q1 2025
Cortland Fossil Creek,2025-03-10,1.5827888485297867,0.8854166666666666,1.4014276263024152,1.0,2025-03,Q1 2025
Cortland Fossil Creek,2025-03-11,1.5827888485297867,0.8854166666666666,1.4014276263024152,1.0,2025-03,Q1 2025
Cortland Fossil Creek,2025-03-12,1.5827888485297867,0.8854166666666666,1.4014276263024152,1.0,2025-03,Q1 2025
Cortland Fossil Creek,2025-03-13,1.5827888485297867,0.8854166666666666,1.4014276263024152,1.0,2025-03,Q1 2025
Cortland Fossil Creek,2025-03-14,1.5827888485297867,0.8854166666666666,1.4014276263024152,1.0,2025-03,Q1 2025
Cortland Fossil Creek,2025-03-15,1.5827888485297867,0.8854166666666666,1.4014276263024152,1.0,2025-03,Q1 2025
Cortland Fossil Creek,2025-03-16,1.5827888485297867,0.8854166666666666,1.4014276263024152,1.0,2025-03,Q1 2025
Cortland Fossil Creek,2025-03-17,1.5827888485297867,0.8854166666666666,1.4014276263024152,1.0,2025-03,Q1 2025
Cortland Fossil Creek,2025-03-18,1.5827888485297867,0.8854166666666666,1.4014276263024152,1.0,2025-03,Q1 2025
Cortland Fossil Creek,2025-03-19,1.5827888485297867,0.8854166666666666,1.4014276263024152,1.0,2025-03,Q1 2025
Cortland Fossil Creek,2025-03-20,1.5827888485297867,0.8854166666666666,1.4014276263024152,1.0,2025-03,Q1 2025
Cortland Fossil Creek,2025-03-21,1.570006330827501,0.8041666666666667,1.2625467577071154,1.0,2025-03,Q1 2025
Cortland Fossil Creek,2025-03-22,1.5694307661291333,0.8604166666666666,1.3503643883569418,1.0,2025-03,Q1 2025
Cortland Fossil Creek,2025-03-23,1.5692692380548525,0.8625,1.3534947178223105,1.0,2025-03,Q1 2025
Cortland Fossil Creek,2025-03-24,1.5692692380548525,0.8645833333333334,1.3567640287349247,1.0,2025-03,Q1 2025
Cortland Fossil Creek,2025-03-25,1.5677243446045237,0.8645833333333334,1.3554283396059945,1.0,2025-03,Q1 2025
Cortland Fossil Creek,2025-03-26,1.5677243446045237,0.86875,1.36196052437518,1.0,2025-03,Q1 2025
Cortland Fossil Creek,2025-03-27,1.5677243446045237,0.8666666666666667,1.3586944319905871,1.0,2025-03,Q1 2025
Cortland Fossil Creek,2025-03-28,1.5675990785738394,0.8645833333333334,1.355320036683632,1.0,2025-03,Q1 2025
Cortland Fossil Creek,2025-03-29,1.5675752925118442,0.8625,1.3520336897914658,1.0,2025-03,Q1 2025
Cortland Fossil Creek,2025-03-30,1.5675752925118442,0.8645833333333334,1.3552994716508653,1.0,2025-03,Q1 2025
Cortland Fossil Creek,2025-03-31,1.5675752925118442,0.8625,1.3520336897914658,1.0,2025-03,Q1 2025
Cortland Fossil Creek,2025-04-01,1.563184169176068,0.8604166666666666,1.344989712228575,1.0,2025-04,Q2 2025
Cortland Fossil Creek,2025-04-02,1.5615956643727937,0.8604166666666666,1.343622936220758,1.0,2025-04,Q2 2025
Cortland Fossil Creek,2025-04-03,1.5615956643727937,0.8666666666666667,1.353382909123088,1.0,2025-04,Q2 2025
Cortland Fossil Creek,2025-04-04,1.5577971652028806,0.8666666666666667,1.3500908765091633,1.0,2025-04,Q2 2025
Cortland Fossil Creek,2025-04-05,1.5577971652028806,0.8729166666666667,1.3598271087916811,1.0,2025-04,Q2 2025
Cortland Fossil Creek,2025-04-06,1.5577971652028806,0.8729166666666667,1.3598271087916811,1.0,2025-04,Q2 2025
Cortland Fossil Creek,2025-04-07,1.5544006232749081,0.8645833333333334,1.343908872206431,1.0,2025-04,Q2 2025
Cortland Fossil Creek,2025-04-08,1.5521062106826526,0.875,1.3580929343473211,1.0,2025-04,Q2 2025
Cortland Fossil Creek,2025-04-09,1.5521177554900982,0.8791666666666667,1.364570193368378,1.0,2025-04,Q2 2025
Cortland Fossil Creek,2025-04-10,1.5497893929196747,0.8791666666666667,1.3625231746085473,1.0,2025-04,Q2 2025
Cortland Fossil Creek,2025-04-11,1.5482335894200094,0.8833333333333333,1.3676063373210083,1.0,2025-04,Q2 2025
Cortland Fossil Creek,2025-04-12,1.547234152317962,0.8895833333333334,1.376393714666187,1.0,2025-04,Q2 2025
Cortland Fossil Creek,2025-04-13,1.545744212615933,0.8958333333333334,1.38472919046844,1.0,2025-04,Q2 2025
Cortland Fossil Creek,2025-04-14,1.545744212615933,0.8979166666666667,1.3879494909113899,1.0,2025-04,Q2 2025
Cortland Fossil Creek,2025-04-15,1.5435978945167173,0.8979166666666667,1.3860222761181358,1.0,2025-04,Q2 2025
Cortland Fossil Creek,2025-04-16,1.542832976861716,0.9,1.3885496791755443,1.0,2025-04,Q2 2025
Cortland Fossil Creek,2025-04-17,1.542654382727844,0.9020833333333333,1.3916028077524094,1.0,2025-04,Q2 2025
Cortland Fossil Creek,2025-04-18,1.5427364468321318,0.9083333333333333,1.4013189392058532,1.0,2025-04,Q2 2025
Cortland Fossil Creek,2025-04-19,1.5418510425630512,0.9104166666666667,1.4037268866667778,1.0,2025-04,Q2 2025
Cortland Fossil Creek,2025-04-20,1.5418510425630512,0.9145833333333333,1.4101512660107904,1.0,2025-04,Q2 2025
Cortland Fossil Creek,2025-04-21,1.5412386533148659,0.9145833333333333,1.4095911850108878,1.0,2025-04,Q2 2025
Cortland Fossil Creek,2025-04-22,1.5412331676255315,0.9125,1.4063752654582975,1.0,2025-04,Q2 2025
Cortland Fossil Creek,2025-04-23,1.541603437331583,0.9145833333333333,1.4099248103928437,1.0,2025-04,Q2 2025
Cortland Fossil Creek,2025-04-24,1.541533471659818,0.91875,1.4162838770874577,1.0,2025-04,Q2 2025
Cortland Fossil Creek,2025-04-25,1.541533471659818,0.9166666666666666,1.4130723490214996,1.0,2025-04,Q2 2025
Cortland Fossil Creek,2025-04-26,1.5406956178619513,0.9166666666666666,1.4123043163734552,1.0,2025-04,Q2 2025
Cortland Fossil Creek,2025-04-27,1.5260098467747645,0.9208333333333334,1.4052007339050958,1.0,2025-04,Q2 2025
