market,property
"Columbus, OH",Cortland Northlake
"Columbus, OH",Northstar Flats
"Columbus, OH",Ravines at Meadow Ridge
"Columbus, OH",Fourwinds Place
"Columbus, OH",Evans Farm
"Columbus, OH",Cortland Sunbury
"Columbus, OH",Mill23 at Coughlin Crossing
"Columbus, OH",LC Sunbury
"Columbus, OH",Liberty Summit
"Columbus, OH",Andrew Reserve
"Columbus, OH",Emerson Park
"Tampa-St. Petersburg-Clearwater, FL",5696 BAYWATER DRIVE
"Tampa-St. Petersburg-Clearwater, FL",5573 BAYWATER DRIVE
"Tampa-St. Petersburg-Clearwater, FL",Cortland Bayport
"Columbus, OH",Sunbury Ridge
"Columbus, OH",Crosspoint Apartments
"Columbus, OH",Cove At Cooper Lakes
"Columbus, OH",College Park
"Columbus, OH",Central Park
"Columbus, OH",Townhomes at Blendon
"Columbus, OH",Reserve at Easton
"Columbus, OH",Four Pointe
"Columbus, OH",Arbors of Gahanna
"Columbus, OH",Bradford at Easton Apartment Homes
"Columbus, OH",Eden of Easton Apartments
"Columbus, OH",Cortland Dublin
"Columbus, OH",Gage Crossing
"Columbus, OH",Sheldon Park
"Columbus, OH",District at Tuttle
"Columbus, OH",Upper Vue Flats
"Columbus, OH",Valencia on Avery
"Columbus, OH",Graham Park at the Highlands
"Columbus, OH",Scioto Ridge
"Columbus, OH",Wesbury Park
"Columbus, OH",Avery Pointe
"Columbus, OH",Brooksedge
"Columbus, OH",Abbie Lakes
"Columbus, OH",The Residence at Turnberry
"Columbus, OH",Highland Park
"Columbus, OH",Chantry Village Apartments
"Columbus, OH",Muirwood Village
"Columbus, OH",BriceGrove Park Apartments
"Columbus, OH",The Commons at Canal Winchester Apartments
"Columbus, OH",Eastpointe Lakes Apartments and Townhomes
"Columbus, OH",The Courts
"Columbus, OH",Indian Creek Apartments
"Charlotte-Concord-Gastonia, NC-SC",Cortland Mallard Creek
"Charlotte-Concord-Gastonia, NC-SC",The Spoke at McCullough Station
"Charlotte-Concord-Gastonia, NC-SC",Wexford Apartment Homes
"Charlotte-Concord-Gastonia, NC-SC",MAA City Grand
"Charlotte-Concord-Gastonia, NC-SC",Belle Haven Apartments
"Charlotte-Concord-Gastonia, NC-SC",Walden Court Apartments
"Charlotte-Concord-Gastonia, NC-SC",Magnolia Terrace
"Charlotte-Concord-Gastonia, NC-SC",The Slate Charlotte
"Charlotte-Concord-Gastonia, NC-SC",Harris Pond
"Charlotte-Concord-Gastonia, NC-SC",Commons at University Square
"Tampa-St. Petersburg-Clearwater, FL",Cortland Satori
"Tampa-St. Petersburg-Clearwater, FL",Epic at Gateway
"Tampa-St. Petersburg-Clearwater, FL",The Allure at Gateway
"Tampa-St. Petersburg-Clearwater, FL",Gateway at Pinellas Apartments
"Tampa-St. Petersburg-Clearwater, FL",Marlowe Gateway
"Tampa-St. Petersburg-Clearwater, FL",Axio at Carillon Apartments
"Tampa-St. Petersburg-Clearwater, FL",Peridot Palms
"Tampa-St. Petersburg-Clearwater, FL",Provenza at St. Pete
"Tampa-St. Petersburg-Clearwater, FL",Villas at Gateway
"Tampa-St. Petersburg-Clearwater, FL",Fusion 1560
"Tampa-St. Petersburg-Clearwater, FL",Rowan Pointe
"Atlanta-Sandy Springs-Roswell, GA",Cortland Peachtree Corners
"Atlanta-Sandy Springs-Roswell, GA",Broadstone Peachtree Corners
"Atlanta-Sandy Springs-Roswell, GA",Broadstone Junction
"Atlanta-Sandy Springs-Roswell, GA",The Brunswick
"Atlanta-Sandy Springs-Roswell, GA",Bexley Duluth
"Atlanta-Sandy Springs-Roswell, GA",District at Duluth Apartments
"Atlanta-Sandy Springs-Roswell, GA",The Clara by Broadstone
"Atlanta-Sandy Springs-Roswell, GA",Sugarloaf Walk Apartments
"Atlanta-Sandy Springs-Roswell, GA",The Oliver Chamblee
"Atlanta-Sandy Springs-Roswell, GA",The Perry Residences
"Atlanta-Sandy Springs-Roswell, GA",The Spoke at Peachtree Corners
"Phoenix-Mesa-Scottsdale, AZ",Cortland at P83
"Phoenix-Mesa-Scottsdale, AZ",Ocio Plaza Del Rio
"Phoenix-Mesa-Scottsdale, AZ",ORA Apartments
"Phoenix-Mesa-Scottsdale, AZ",Escape at Arrowhead
"Phoenix-Mesa-Scottsdale, AZ",Artessa
"Phoenix-Mesa-Scottsdale, AZ",Alexan Park West
"Phoenix-Mesa-Scottsdale, AZ",Velaire at Aspera
"Phoenix-Mesa-Scottsdale, AZ",Parc Roundtree Ranch
"Phoenix-Mesa-Scottsdale, AZ",Enclave at Arrowhead
"Phoenix-Mesa-Scottsdale, AZ",Villa Vita
"Phoenix-Mesa-Scottsdale, AZ",Cuvee Apartments
"Denver-Aurora-Lakewood, CO",Cortland on Blake
"Denver-Aurora-Lakewood, CO",The Douglas Apartments
"Denver-Aurora-Lakewood, CO",City Gate Apartment Homes
"Denver-Aurora-Lakewood, CO",City House Apartments
"Denver-Aurora-Lakewood, CO",Waterford RiNo
"Denver-Aurora-Lakewood, CO",Alara Union Station
"Denver-Aurora-Lakewood, CO",TwentyOne01 on Market
"Denver-Aurora-Lakewood, CO",Dylan at RiNo
"Denver-Aurora-Lakewood, CO",Commons Park West
"Denver-Aurora-Lakewood, CO",Hartley Flats
"Denver-Aurora-Lakewood, CO",2020 Lawrence
"Durham-Chapel Hill, NC",Cortland Cary
"Durham-Chapel Hill, NC",The Aster
"Durham-Chapel Hill, NC",Abberly Alston
"Durham-Chapel Hill, NC",Hawthorne at Parkside
"Durham-Chapel Hill, NC",Novel Cary
"Durham-Chapel Hill, NC",Broadstone Trailside
"Durham-Chapel Hill, NC",Alta Wren
"Durham-Chapel Hill, NC",Bexley Panther Creek
"Durham-Chapel Hill, NC",Crowne at Cary Park
"Durham-Chapel Hill, NC",Alta Ivy
"Durham-Chapel Hill, NC",Ashby at Twin Lakes
"Charlotte-Concord-Gastonia, NC-SC",Cortland NoDa
"Charlotte-Concord-Gastonia, NC-SC",NoDa Flats
"Charlotte-Concord-Gastonia, NC-SC",Alexan Mill District
"Charlotte-Concord-Gastonia, NC-SC",Abberly Noda Vista Apartment Homes
"Charlotte-Concord-Gastonia, NC-SC",30Six NoDa
"Charlotte-Concord-Gastonia, NC-SC",Centric Gateway
"Charlotte-Concord-Gastonia, NC-SC",Broadstone Optimist Park
"Charlotte-Concord-Gastonia, NC-SC",The Henry
"Charlotte-Concord-Gastonia, NC-SC",Pine25
"Charlotte-Concord-Gastonia, NC-SC",MAA Optimist Park
"Charlotte-Concord-Gastonia, NC-SC",Alta Purl
"San Antonio-New Braunfels, TX",Cortland Onion Creek
"Austin-Round Rock, TX",Landing at Double Creek
"Austin-Round Rock, TX",MAA Double Creek
"San Antonio-New Braunfels, TX",Estancia Villas
"San Antonio-New Braunfels, TX",MAA Onion Creek
"Austin-Round Rock, TX",Nexus at Goodnight Ranch
"Austin-Round Rock, TX",The Haywood Apartments
"Austin-Round Rock, TX",Farmhouse Apartments
"Austin-Round Rock, TX",Southpark Crossing Apartments
"San Antonio-New Braunfels, TX",Aspire at Onion Creek
"Austin-Round Rock, TX",Bridge at Southpark Landing
"Dallas-Fort Worth-Arlington, TX",Vistas at Hackberry Creek
"Dallas-Fort Worth-Arlington, TX",Calloway at Las Colinas
"Dallas-Fort Worth-Arlington, TX",Grand Venetian at Las Colinas
"Dallas-Fort Worth-Arlington, TX",The Lyndon
"Dallas-Fort Worth-Arlington, TX",The Palmer at Las Colinas
"Dallas-Fort Worth-Arlington, TX",The Arbors of Las Colinas
"Dallas-Fort Worth-Arlington, TX",Jefferson Place
"Dallas-Fort Worth-Arlington, TX",Resort at Jefferson Park
"Dallas-Fort Worth-Arlington, TX",Oaks Hackberry Creek
"Dallas-Fort Worth-Arlington, TX",Cortland MacArthur
"Dallas-Fort Worth-Arlington, TX",Resort at Jefferson Ridge
"Houston-The Woodlands-Sugar Land, TX",Cortland Inkwell Greenhouse
"Houston-The Woodlands-Sugar Land, TX",Territory at Greenhouse
"Houston-The Woodlands-Sugar Land, TX",Greenhouse
"Houston-The Woodlands-Sugar Land, TX",Radius West
"Houston-The Woodlands-Sugar Land, TX",The Opal at Barker Cypress
"Houston-The Woodlands-Sugar Land, TX",Lakefront Villas
"Houston-The Woodlands-Sugar Land, TX",Hue on Greenhouse
"Houston-The Woodlands-Sugar Land, TX",Vizcaya Apartments
"Houston-The Woodlands-Sugar Land, TX",Lenox Katy Creek
"Houston-The Woodlands-Sugar Land, TX",The Vic on Park Row
"Houston-The Woodlands-Sugar Land, TX",Reserve by the Lake
"Nashville-Davidson-Murfreesboro-Franklin, TN",Cortland at the Nations
"Nashville-Davidson-Murfreesboro-Franklin, TN",Rye Charlotte Ave
"Nashville-Davidson-Murfreesboro-Franklin, TN",The Shay Apartments
"Nashville-Davidson-Murfreesboro-Franklin, TN",Margaux Midtown
"Nashville-Davidson-Murfreesboro-Franklin, TN",2700 Charlotte Ave Apartments
"Nashville-Davidson-Murfreesboro-Franklin, TN",MAA Charlotte Ave
"Nashville-Davidson-Murfreesboro-Franklin, TN",Broadstone Centennial
"Nashville-Davidson-Murfreesboro-Franklin, TN",MAA Acklen
"Nashville-Davidson-Murfreesboro-Franklin, TN",The Gossett on Church
"Nashville-Davidson-Murfreesboro-Franklin, TN",Livano Trinity
"Nashville-Davidson-Murfreesboro-Franklin, TN",Elliston 23
"Austin-Round Rock, TX",Paseo at Bee Cave
"Austin-Round Rock, TX",Estates at Bee Cave
"Austin-Round Rock, TX",Alister Oak Hill
"Austin-Round Rock, TX",Avanti Hills At The Galleria
"Austin-Round Rock, TX",Falconhead
"Austin-Round Rock, TX",Palo Verde
"Austin-Round Rock, TX",Ocotillo Apartments
"Austin-Round Rock, TX",Berkshire Lakeway
"Austin-Round Rock, TX",Yaupon by Windsor
"Austin-Round Rock, TX",Callista Hill Country Apartments
"Austin-Round Rock, TX",AMLI Covered Bridge
"Dallas-Fort Worth-Arlington, TX",Cortland Galleria
"Dallas-Fort Worth-Arlington, TX",Layers Galleria
"Dallas-Fort Worth-Arlington, TX",Alvista Galleria
"Dallas-Fort Worth-Arlington, TX",Prairie Crossing
"Dallas-Fort Worth-Arlington, TX",Cornell Midtown
"Dallas-Fort Worth-Arlington, TX",Windsor By The Galleria
"Dallas-Fort Worth-Arlington, TX",VV&M Apartments
"Dallas-Fort Worth-Arlington, TX",Villa Piana Apartments
"Dallas-Fort Worth-Arlington, TX",Neo At Midtown
"Dallas-Fort Worth-Arlington, TX",Jewel on Landmark
"Dallas-Fort Worth-Arlington, TX",The Brownstones
"San Antonio-New Braunfels, TX",The Flats at Westover Hills
"San Antonio-New Braunfels, TX",Tacara at Westover Hills
"San Antonio-New Braunfels, TX",Westover Oaks
"San Antonio-New Braunfels, TX",Volar
"San Antonio-New Braunfels, TX",Citadel at Westpointe
"San Antonio-New Braunfels, TX",Westmount at Three Fountains
"San Antonio-New Braunfels, TX",Kenzie Park
"San Antonio-New Braunfels, TX",The Preserve at Westover Hills
"San Antonio-New Braunfels, TX",The Haven at Westover Hills
"San Antonio-New Braunfels, TX",Dalian Monterrey Village
"San Antonio-New Braunfels, TX",Estraya Westover Hills
"Charlotte-Concord-Gastonia, NC-SC",Cortland South End
"Charlotte-Concord-Gastonia, NC-SC",Junction 1504
"Charlotte-Concord-Gastonia, NC-SC",Silos South End
"Charlotte-Concord-Gastonia, NC-SC",MAA Reserve
"Charlotte-Concord-Gastonia, NC-SC",MAA South Line
"Charlotte-Concord-Gastonia, NC-SC",The Edge
"Charlotte-Concord-Gastonia, NC-SC",Penrose
"Charlotte-Concord-Gastonia, NC-SC",1100 South
"Charlotte-Concord-Gastonia, NC-SC",Fountains Southend Apartments
"Charlotte-Concord-Gastonia, NC-SC",Park and Kingston
"Charlotte-Concord-Gastonia, NC-SC",Bradham at New Bern
"Atlanta-Sandy Springs-Roswell, GA",Hidden Pines of Atlanta
"Atlanta-Sandy Springs-Roswell, GA",Overlook Ridge
"Atlanta-Sandy Springs-Roswell, GA",City Park Apartments
"Atlanta-Sandy Springs-Roswell, GA",The Washington Condominiums
"Atlanta-Sandy Springs-Roswell, GA",Ashley West End
"Atlanta-Sandy Springs-Roswell, GA",Vue at Harwell Apartments
"Atlanta-Sandy Springs-Roswell, GA",Columbia Canopy at Grove Park
"Atlanta-Sandy Springs-Roswell, GA",Aspen Court Apartments
"Orlando-Kissimmee-Sanford, FL",Cortland Independence
"Orlando-Kissimmee-Sanford, FL",Talcott at Windermere
"Orlando-Kissimmee-Sanford, FL",Lakewalk at Hamlin
"Orlando-Kissimmee-Sanford, FL",Windermere Cay
"Orlando-Kissimmee-Sanford, FL",Citra at Windermere
"Orlando-Kissimmee-Sanford, FL",Addison At Windermere
"Orlando-Kissimmee-Sanford, FL",Venetian Isle
"Orlando-Kissimmee-Sanford, FL",MAA Crosswater
"Orlando-Kissimmee-Sanford, FL",IMT Sonoma Hills
"Orlando-Kissimmee-Sanford, FL",Halston Waterleigh
"Orlando-Kissimmee-Sanford, FL",Vintage Horizon West
"Orlando-Kissimmee-Sanford, FL",The Overlook at Daytona
"Orlando-Kissimmee-Sanford, FL",Marina Grande North
"Orlando-Kissimmee-Sanford, FL",925 N Halifax Avenue
"Orlando-Kissimmee-Sanford, FL",The Artisan
"Orlando-Kissimmee-Sanford, FL",The Anatole
"Orlando-Kissimmee-Sanford, FL",The Element at 464
"Orlando-Kissimmee-Sanford, FL",Derby Park Apartments
"Orlando-Kissimmee-Sanford, FL",Lake Forest
"Orlando-Kissimmee-Sanford, FL",Lakeside Gardens
"Dallas-Fort Worth-Arlington, TX",Cortland North Dallas
"Dallas-Fort Worth-Arlington, TX",LADERA APARTMENTS
"Dallas-Fort Worth-Arlington, TX",Tides on Timberglen
"Dallas-Fort Worth-Arlington, TX",Gramercy on the Park
"Dallas-Fort Worth-Arlington, TX",The Vincent
"Dallas-Fort Worth-Arlington, TX",Rancho Palisades
"Dallas-Fort Worth-Arlington, TX",Camden Addison
"Dallas-Fort Worth-Arlington, TX",Carrollton Park Of North Dallas
"Dallas-Fort Worth-Arlington, TX",Halston on Frankford
"Dallas-Fort Worth-Arlington, TX",Vail Quarters
"Dallas-Fort Worth-Arlington, TX",Hunters Hill
"Orlando-Kissimmee-Sanford, FL",Cortland Uptown Altamonte
"Orlando-Kissimmee-Sanford, FL",Sanctuary at Centerpointe
"Orlando-Kissimmee-Sanford, FL",Dwell Maitland
"Orlando-Kissimmee-Sanford, FL",Nine12 Gateway Apartments
"Orlando-Kissimmee-Sanford, FL",Central Park
"Orlando-Kissimmee-Sanford, FL",The Tiffany at Maitland West
"Orlando-Kissimmee-Sanford, FL",Maitland Pointe
"Orlando-Kissimmee-Sanford, FL",Luna at Lake Shadow
"Orlando-Kissimmee-Sanford, FL",Sole at Casselberry
"Orlando-Kissimmee-Sanford, FL",Brickstone Maitland Summit Apartments
"Orlando-Kissimmee-Sanford, FL",The Parker at Maitland Station Apartments
"Dallas-Fort Worth-Arlington, TX",Cortland Ridglea
"Dallas-Fort Worth-Arlington, TX",Dixon at Stonegate
"Dallas-Fort Worth-Arlington, TX",The Lofts at West 7th
"Dallas-Fort Worth-Arlington, TX",Broadstone on Trinity
"Dallas-Fort Worth-Arlington, TX",The Club at Stonegate
"Dallas-Fort Worth-Arlington, TX",The Canyons Apartments
"Dallas-Fort Worth-Arlington, TX",Heights of Cityview
"Dallas-Fort Worth-Arlington, TX",Marquis at Stonegate
"Dallas-Fort Worth-Arlington, TX",Eastbank at Waterside
"Dallas-Fort Worth-Arlington, TX",Coventry at Cityview Apartments
"Dallas-Fort Worth-Arlington, TX",Mirador
"Atlanta-Sandy Springs-Roswell, GA",Cortland North Brookhaven
"Atlanta-Sandy Springs-Roswell, GA",Brookleigh Flats Apartments
"Atlanta-Sandy Springs-Roswell, GA",MAA Gardens
"Atlanta-Sandy Springs-Roswell, GA",Aspire Lenox Park
"Atlanta-Sandy Springs-Roswell, GA",Windsor Parkview
"Atlanta-Sandy Springs-Roswell, GA",The Grove Chamblee
"Atlanta-Sandy Springs-Roswell, GA",The GoodWynn At Town Brookhaven By ARIUM
"Atlanta-Sandy Springs-Roswell, GA",Gables Brookhaven
"Atlanta-Sandy Springs-Roswell, GA",Windsor Brookhaven
"Atlanta-Sandy Springs-Roswell, GA",MAA Oglethorpe
"Atlanta-Sandy Springs-Roswell, GA",1160 Hammond
"Tucson, AZ",Cortland Las Casas
"Tucson, AZ",Altamira Apartments
"Tucson, AZ",The Legends at La Paloma
"Tucson, AZ",Ranch House Lodge
"Tucson, AZ",6651 N Campbell Avenue
"Tucson, AZ",Promontory
"Tucson, AZ",ENVii
"Tucson, AZ",2010 E RIVER RD #101
"Tucson, AZ",1500 E Prospect Lane
"Chicago-Naperville-Elgin, IL-IN-WI",Cortland River North
"Chicago-Naperville-Elgin, IL-IN-WI",3Eleven
"Chicago-Naperville-Elgin, IL-IN-WI",Hubbard 221
"Chicago-Naperville-Elgin, IL-IN-WI",640 North Wells
"Chicago-Naperville-Elgin, IL-IN-WI",Env Chicago
"Chicago-Naperville-Elgin, IL-IN-WI",Flair Tower
"Chicago-Naperville-Elgin, IL-IN-WI",Parc Huron
"Chicago-Naperville-Elgin, IL-IN-WI",Next Apartments
"Chicago-Naperville-Elgin, IL-IN-WI",Linea Apartments
"Chicago-Naperville-Elgin, IL-IN-WI",Niche 905
"Chicago-Naperville-Elgin, IL-IN-WI",State and Grand
"Denver-Aurora-Lakewood, CO",Cortland Alameda Station
"Denver-Aurora-Lakewood, CO",Mason at Alameda Station
"Denver-Aurora-Lakewood, CO",SoBo Station
"Denver-Aurora-Lakewood, CO",Neon Local
"Denver-Aurora-Lakewood, CO",SB1K
"Denver-Aurora-Lakewood, CO",Gables Speer Blvd
"Denver-Aurora-Lakewood, CO",VIA Apartments
"Denver-Aurora-Lakewood, CO",RYE SoBo
"Denver-Aurora-Lakewood, CO",Windsor at Broadway Station
"Denver-Aurora-Lakewood, CO",Encore Evans Station Apartments
"Tampa-St. Petersburg-Clearwater, FL",Winthrop West
"Tampa-St. Petersburg-Clearwater, FL",Sherwood Oaks
"Tampa-St. Petersburg-Clearwater, FL",Rivertree Apartments
"Tampa-St. Petersburg-Clearwater, FL",The Park at Knightsbridge
"Tampa-St. Petersburg-Clearwater, FL",The Easton Apartments
"Tampa-St. Petersburg-Clearwater, FL",Lucerne at Lake Brandon Apartments
"Tampa-St. Petersburg-Clearwater, FL",Providence Lakes
"Tampa-St. Petersburg-Clearwater, FL",Lakeside Central Apartments
"Tampa-St. Petersburg-Clearwater, FL",Camden Royal Palms
"Tampa-St. Petersburg-Clearwater, FL",Brandon Crossing
"Tampa-St. Petersburg-Clearwater, FL",Retreat at Crosstown
"Atlanta-Sandy Springs-Roswell, GA",Cortland Woodlands
"Atlanta-Sandy Springs-Roswell, GA",Stratford Ridge
"Atlanta-Sandy Springs-Roswell, GA",Westminster Square
"Atlanta-Sandy Springs-Roswell, GA",Arbors at East Cobb
"Atlanta-Sandy Springs-Roswell, GA",The Park at Vinings
"Atlanta-Sandy Springs-Roswell, GA",Forest Ridge at Terrell Mill
"Atlanta-Sandy Springs-Roswell, GA",Elme Marietta
"Atlanta-Sandy Springs-Roswell, GA",Wildwood Ridge Apartments
"Atlanta-Sandy Springs-Roswell, GA",Rosemont Bentley
"Atlanta-Sandy Springs-Roswell, GA",Rosemont Vinings Ridge
"Atlanta-Sandy Springs-Roswell, GA",Gables Mill
"Dallas-Fort Worth-Arlington, TX",Cortland Benbrook
"Dallas-Fort Worth-Arlington, TX",Estates at Team Ranch
"Dallas-Fort Worth-Arlington, TX",Westmount at River Park
"Dallas-Fort Worth-Arlington, TX",Greenwood Creek
"Dallas-Fort Worth-Arlington, TX",Lauren
"Dallas-Fort Worth-Arlington, TX",The Haven on Chisholm Trail
"Dallas-Fort Worth-Arlington, TX",The Arbors on Oakmont
"Dallas-Fort Worth-Arlington, TX",Rise Spring Pointe
"Dallas-Fort Worth-Arlington, TX",Avana River Park
"Dallas-Fort Worth-Arlington, TX",Chateau on The River
"Durham-Chapel Hill, NC",Cortland Olde Raleigh
"Durham-Chapel Hill, NC",Concord Apartments
"Durham-Chapel Hill, NC",The Ashton
"Raleigh, NC",Lexington Farms
"Raleigh, NC",Edwards Mill
"Durham-Chapel Hill, NC",Seasons at Umstead
"Durham-Chapel Hill, NC",ARIUM Cary Park
"Durham-Chapel Hill, NC",Marquis at Silverton
"Durham-Chapel Hill, NC",Thornhill Apartments
"Durham-Chapel Hill, NC",Marquis on Edwards Mill
"Raleigh, NC",Atria at Crabtree Valley
"Dallas-Fort Worth-Arlington, TX",Cortland Prairie Creek
"Dallas-Fort Worth-Arlington, TX",Homes of Prairie Springs
"Dallas-Fort Worth-Arlington, TX",Windsor CityLine
"Dallas-Fort Worth-Arlington, TX",Galatyn Station
"Dallas-Fort Worth-Arlington, TX",Estates Of Richardson
"Dallas-Fort Worth-Arlington, TX",Junction 15
"Dallas-Fort Worth-Arlington, TX",The Pradera
"Dallas-Fort Worth-Arlington, TX",Mallory Eastside
"Dallas-Fort Worth-Arlington, TX",Axis 3700 Apartments
"Dallas-Fort Worth-Arlington, TX",Axis 110
"Dallas-Fort Worth-Arlington, TX",SYNC CityLine
"San Antonio-New Braunfels, TX",Cortland Walker Ranch
"San Antonio-New Braunfels, TX",Platinum Shavano Oaks Apartments
"San Antonio-New Braunfels, TX",Villas Of Vista Del Norte
"San Antonio-New Braunfels, TX",MAA Haven at Blanco
"San Antonio-New Braunfels, TX",Charleston
"San Antonio-New Braunfels, TX",Indian Hollow
"San Antonio-New Braunfels, TX",Ironridge at Hill Country Village
"San Antonio-New Braunfels, TX",Costa Bella
"San Antonio-New Braunfels, TX",Hayden On West Ave
"San Antonio-New Braunfels, TX",Sonterra Blue
"San Antonio-New Braunfels, TX",Walker Ranch Apartment Homes
"Denver-Aurora-Lakewood, CO",Cortland Covington Ridge
"Denver-Aurora-Lakewood, CO",Links at Legacy Ridge
"Denver-Aurora-Lakewood, CO",Village on Cypress
"Denver-Aurora-Lakewood, CO",Keystone
"Denver-Aurora-Lakewood, CO",The Ridge at Thornton Station
"Denver-Aurora-Lakewood, CO",Regatta
"Denver-Aurora-Lakewood, CO",Avana Eastlake
"Denver-Aurora-Lakewood, CO",Ironwood at the Ranch
"Denver-Aurora-Lakewood, CO",Canyon Reserve at the Ranch
"Denver-Aurora-Lakewood, CO",Magnolia Ridge
"Denver-Aurora-Lakewood, CO",Willow Run Village
"Houston-The Woodlands-Sugar Land, TX",Cortland Sugar Land
"Atlanta-Sandy Springs-Roswell, GA",Cortland Windward
"Atlanta-Sandy Springs-Roswell, GA",Avana North Point
"Atlanta-Sandy Springs-Roswell, GA",Windward Place
"Atlanta-Sandy Springs-Roswell, GA",Camden Deerfield
"Atlanta-Sandy Springs-Roswell, GA",Wood Bridge Apartments
"Atlanta-Sandy Springs-Roswell, GA",1900 Rosemont
"Atlanta-Sandy Springs-Roswell, GA",Cortland Lex
"Atlanta-Sandy Springs-Roswell, GA",Belmont at Park Bridge Apartments
"Atlanta-Sandy Springs-Roswell, GA",The Pointe at Preston Ridge
"Atlanta-Sandy Springs-Roswell, GA",Cortland Peachtree Battle
"Atlanta-Sandy Springs-Roswell, GA",Alexan Buckhead Village
"Atlanta-Sandy Springs-Roswell, GA",Elle of Buckhead
"Atlanta-Sandy Springs-Roswell, GA",Bell Buckhead West
"Atlanta-Sandy Springs-Roswell, GA",Aster Buckhead
"Atlanta-Sandy Springs-Roswell, GA",Venue Brookwood Apartments
"Atlanta-Sandy Springs-Roswell, GA",Marquis at Buckhead
"Atlanta-Sandy Springs-Roswell, GA",Windsor Morningside
"Atlanta-Sandy Springs-Roswell, GA",92 West Paces
"Atlanta-Sandy Springs-Roswell, GA",Mark at West Midtown
"Atlanta-Sandy Springs-Roswell, GA",The Monroe Atlanta
"Tucson, AZ",Cortland Sabino Canyon
"Tucson, AZ",Bear Canyon
"Tucson, AZ",Toscana Cove Apartments
"Tucson, AZ",Pinnacle Heights
"Tucson, AZ",The Vintage Apartments
"Tucson, AZ",Elevation Apartments
"Tucson, AZ",Sabino Canyon
"Tucson, AZ",Estancia
"Tucson, AZ",Equinox on Columbus
"Tucson, AZ",Pinnacle Canyon Apartments
"Tucson, AZ",The Greens at Ventana Canyon Apartments
"San Antonio-New Braunfels, TX",Cortland Brackenridge
"San Antonio-New Braunfels, TX",Rivera on Broadway Apartments
"San Antonio-New Braunfels, TX",The Baldwin at St. Paul Square
"San Antonio-New Braunfels, TX",The Flats at River North
"San Antonio-New Braunfels, TX",River House
"San Antonio-New Braunfels, TX",120 Ninth Street
"San Antonio-New Braunfels, TX",Agave
"San Antonio-New Braunfels, TX",1800 Broadway
"San Antonio-New Braunfels, TX",Augusta Flats
"San Antonio-New Braunfels, TX",Jones and Rio
"San Antonio-New Braunfels, TX",The Flats at Big Tex - Historical Access
"Orlando-Kissimmee-Sanford, FL",Cortland Jubilee Park
"Orlando-Kissimmee-Sanford, FL",BellaNova at JubiLee Park
"Orlando-Kissimmee-Sanford, FL",The Morgan
"Orlando-Kissimmee-Sanford, FL",Trio at Jubilee Park
"Orlando-Kissimmee-Sanford, FL",Lee Vista
"Orlando-Kissimmee-Sanford, FL",The Addison Gateway
"Orlando-Kissimmee-Sanford, FL",Century Vista Palms
"Orlando-Kissimmee-Sanford, FL",Reserve At Beachline Apartments
"Orlando-Kissimmee-Sanford, FL",Arbors at Lee Vista
"Orlando-Kissimmee-Sanford, FL",Nona Park Village Apartments
"Orlando-Kissimmee-Sanford, FL",ARIUM Crowntree Lakes
"Phoenix-Mesa-Scottsdale, AZ",Cortland Biltmore Place
"Phoenix-Mesa-Scottsdale, AZ",Peak 16
"Phoenix-Mesa-Scottsdale, AZ",Biltmore at Camelback
"Phoenix-Mesa-Scottsdale, AZ",District at Biltmore Apartments
"Phoenix-Mesa-Scottsdale, AZ",Domus
"Phoenix-Mesa-Scottsdale, AZ",The Common
"Phoenix-Mesa-Scottsdale, AZ",Centra Midtown
"Phoenix-Mesa-Scottsdale, AZ",Audere Apartments
"Phoenix-Mesa-Scottsdale, AZ",The Thomas at Midtown
"Phoenix-Mesa-Scottsdale, AZ",Blume on Central
"Phoenix-Mesa-Scottsdale, AZ",The Trend At 51
"Tampa-St. Petersburg-Clearwater, FL",Cortland Bowery
"Tampa-St. Petersburg-Clearwater, FL",The Delmar
"Tampa-St. Petersburg-Clearwater, FL",MAA Harbour Island
"Tampa-St. Petersburg-Clearwater, FL",Camden Preserve
"Tampa-St. Petersburg-Clearwater, FL",MAA Hyde Park
"Tampa-St. Petersburg-Clearwater, FL",4800 Westshore
"Tampa-St. Petersburg-Clearwater, FL",Cortland Brighton Bay
"Tampa-St. Petersburg-Clearwater, FL",Trellis at the Lakes
"Tampa-St. Petersburg-Clearwater, FL",Marisol Vista Apartment Homes
"Tampa-St. Petersburg-Clearwater, FL",Bell Channelside
"Tampa-St. Petersburg-Clearwater, FL",Visconti at Westshore
"Houston-The Woodlands-Sugar Land, TX",Cortland Luxe Shadow Creek
"Houston-The Woodlands-Sugar Land, TX",Cortland Avion Shadow Creek
"Houston-The Woodlands-Sugar Land, TX",Sladestone Shadow Creek
"Houston-The Woodlands-Sugar Land, TX",The Columns at Shadow Creek Ranch
"Houston-The Woodlands-Sugar Land, TX",Radius at Shadow Creek Ranch
"Houston-The Woodlands-Sugar Land, TX",Barron Park
"Houston-The Woodlands-Sugar Land, TX",Stella at Shadow Creek Ranch
"Houston-The Woodlands-Sugar Land, TX",Orleans at Fannin Station
"Houston-The Woodlands-Sugar Land, TX",Charleston at Fannin Station
"Houston-The Woodlands-Sugar Land, TX",Regards at Med Center
"Houston-The Woodlands-Sugar Land, TX",Nantucket at Fannin Station
"Atlanta-Sandy Springs-Roswell, GA",Cortland on Ponce
"Atlanta-Sandy Springs-Roswell, GA",Abberly Onyx Apartment Homes
"Atlanta-Sandy Springs-Roswell, GA",Arlo Decatur Apartments
"Atlanta-Sandy Springs-Roswell, GA",AMLI Decatur
"Atlanta-Sandy Springs-Roswell, GA",1133 on the Square
"Atlanta-Sandy Springs-Roswell, GA",Inkwell Decatur
"Atlanta-Sandy Springs-Roswell, GA",Modera Decatur
"Atlanta-Sandy Springs-Roswell, GA",Broadstone Pullman
"Atlanta-Sandy Springs-Roswell, GA",Willis Avondale Estates Apartments
"Atlanta-Sandy Springs-Roswell, GA",Cortland Decatur East
"Atlanta-Sandy Springs-Roswell, GA",Abberly Skye Apartment Homes
"Denver-Aurora-Lakewood, CO",Cortland on Cherry Creek
"Denver-Aurora-Lakewood, CO",The Parc At Cherry Creek
"Denver-Aurora-Lakewood, CO",Lugano at Cherry Creek
"Denver-Aurora-Lakewood, CO",Hampden Heights
"Denver-Aurora-Lakewood, CO",Legend Oaks
"Denver-Aurora-Lakewood, CO",Alton Green
"Denver-Aurora-Lakewood, CO",Apres Apartment Homes
"Denver-Aurora-Lakewood, CO",Addison at Cherry Creek
"Denver-Aurora-Lakewood, CO",IMT Cherry Creek
"Denver-Aurora-Lakewood, CO",Alta Springs
"Denver-Aurora-Lakewood, CO",Santana Ridge
"Atlanta-Sandy Springs-Roswell, GA",Cortland at the Village
"Atlanta-Sandy Springs-Roswell, GA",The Alcove
"Atlanta-Sandy Springs-Roswell, GA",The Preserve at Terrell Mill Apartments
"Atlanta-Sandy Springs-Roswell, GA",Park on Windy Hill
"Atlanta-Sandy Springs-Roswell, GA",Grandstand
"Atlanta-Sandy Springs-Roswell, GA",Residences at Vinings Mountain
"Atlanta-Sandy Springs-Roswell, GA",WestHaven At Vinings
"Atlanta-Sandy Springs-Roswell, GA",Rockledge Apartments
"Atlanta-Sandy Springs-Roswell, GA",Laurel Hills Preserve
"Atlanta-Sandy Springs-Roswell, GA",MAA Spring
"Boulder, CO",Cortland at Coalton
"Boulder, CO",RockVue
"Denver-Aurora-Lakewood, CO",Destination at Arista Apartments
"Denver-Aurora-Lakewood, CO",Cortland Broomfield
"Denver-Aurora-Lakewood, CO",Bell Broomfield
"Boulder, CO",Caliber at Flatirons
"Boulder, CO",Cortland Flatirons
"Denver-Aurora-Lakewood, CO",Arista Uptown
"Boulder, CO",Retreat at the Flatirons
"Boulder, CO",Terracina
"Boulder, CO",Fusion 355
"Atlanta-Sandy Springs-Roswell, GA",Cortland Park 83
"Atlanta-Sandy Springs-Roswell, GA",Roswell Village
"Atlanta-Sandy Springs-Roswell, GA",Jefferson at the Perimeter Apartments
"Atlanta-Sandy Springs-Roswell, GA",Deerfield Village
"Atlanta-Sandy Springs-Roswell, GA",Randolph Perimeter
"Atlanta-Sandy Springs-Roswell, GA",IMT Deerfield
"Atlanta-Sandy Springs-Roswell, GA",Manchester at Mansell
"Atlanta-Sandy Springs-Roswell, GA",Bell Alpharetta
"Atlanta-Sandy Springs-Roswell, GA",The Hartley
"Atlanta-Sandy Springs-Roswell, GA",Champions Green
"Atlanta-Sandy Springs-Roswell, GA",The Drexel Collective
"Miami-Fort Lauderdale-West Palm Beach, FL",Cortland Deerfield Station
"Miami-Fort Lauderdale-West Palm Beach, FL",Saba Pompano Beach
"Miami-Fort Lauderdale-West Palm Beach, FL",Cottonwood Lighthouse Point
"Miami-Fort Lauderdale-West Palm Beach, FL",The Club at Crystal Lake
"Miami-Fort Lauderdale-West Palm Beach, FL",Bell Lighthouse Point
"Miami-Fort Lauderdale-West Palm Beach, FL",Atlantico At Palm Aire
"Miami-Fort Lauderdale-West Palm Beach, FL",Morea Apartments
"Miami-Fort Lauderdale-West Palm Beach, FL",Boca Vue
"Miami-Fort Lauderdale-West Palm Beach, FL",The Fitzgerald Camino Real
"Miami-Fort Lauderdale-West Palm Beach, FL",Boca City Walk
"Atlanta-Sandy Springs-Roswell, GA",Cortland at the Battery Atlanta
"Atlanta-Sandy Springs-Roswell, GA",Revel Ballpark
"Atlanta-Sandy Springs-Roswell, GA",Windsor Encore
"Atlanta-Sandy Springs-Roswell, GA",Tallulah
"Atlanta-Sandy Springs-Roswell, GA",Stillhouse Vinings
"Atlanta-Sandy Springs-Roswell, GA",Gables Vinings Village
"Atlanta-Sandy Springs-Roswell, GA",The District at Windy Hill
"Atlanta-Sandy Springs-Roswell, GA",The Elden Galleria
"Atlanta-Sandy Springs-Roswell, GA",Annett
"Atlanta-Sandy Springs-Roswell, GA",The Reserve at the Ballpark
"Atlanta-Sandy Springs-Roswell, GA",Ellison Parkview
"Columbus, OH",The Bend at Broad
"Columbus, OH",Alexander Court
"Columbus, OH",Estates at Brentwood Lake
"Columbus, OH",Reserve At Abbie Lakes
"Columbus, OH",VWA The Villages at Waggoner Park Apartment
"Columbus, OH",Chestnut Hill Apartments
"Columbus, OH",The Green
"Columbus, OH",Creekside At Taylor Square
"Dallas-Fort Worth-Arlington, TX",Cortland Chisholm Trail
"Dallas-Fort Worth-Arlington, TX",The Trails at Summer Creek
"Dallas-Fort Worth-Arlington, TX",Chaparral Ranch
"Dallas-Fort Worth-Arlington, TX",Chisholm at Tavolo Park
"Dallas-Fort Worth-Arlington, TX",Landmark at Crowley
"Dallas-Fort Worth-Arlington, TX",Aura Benbrook
"Dallas-Fort Worth-Arlington, TX",Avendale Chisholm Trail Ranch
"Dallas-Fort Worth-Arlington, TX",The Dylan
"Dallas-Fort Worth-Arlington, TX",Fairmount Oaks
"Dallas-Fort Worth-Arlington, TX",Cottages at Summer Creek
"Dallas-Fort Worth-Arlington, TX",Bell Presidio
"Atlanta-Sandy Springs-Roswell, GA",Cortland at the Hill
"Atlanta-Sandy Springs-Roswell, GA",Arabelle Perimeter
"Atlanta-Sandy Springs-Roswell, GA",Windsor Chastain
"Atlanta-Sandy Springs-Roswell, GA",The Bishop
"Atlanta-Sandy Springs-Roswell, GA",The Morgan Sandy Springs
"Atlanta-Sandy Springs-Roswell, GA",1105 Town Brookhaven
"Atlanta-Sandy Springs-Roswell, GA",Adley City Springs
"Atlanta-Sandy Springs-Roswell, GA",SYNC at Perimeter
"Atlanta-Sandy Springs-Roswell, GA",Gateway Chastain
"Tampa-St. Petersburg-Clearwater, FL",Cortland Bermuda Lake
"Tampa-St. Petersburg-Clearwater, FL",Overlook at Crosstown Walk
"Tampa-St. Petersburg-Clearwater, FL",Bridges at Crosstown
"Tampa-St. Petersburg-Clearwater, FL",Hamlin at Lake Brandon
"Tampa-St. Petersburg-Clearwater, FL",Sanctuary at Highland Oaks
"Tampa-St. Petersburg-Clearwater, FL",Camden Visconti
"Tampa-St. Petersburg-Clearwater, FL",The Griffin
"Tampa-St. Petersburg-Clearwater, FL",Luxe At 1820
"Tampa-St. Petersburg-Clearwater, FL",The Park at Portofino Apartments
"Lakeland-Winter Haven, FL",Cortland ChampionsGate
"Lakeland-Winter Haven, FL",Cortland Reunion
"Lakeland-Winter Haven, FL",Preserve at ChampionsGate
"Lakeland-Winter Haven, FL",Thrive Luxury Apartments
"Lakeland-Winter Haven, FL",Atlantica at Town Center
"Lakeland-Winter Haven, FL",Reunion at 400
"Lakeland-Winter Haven, FL",Indigo Champions Ridge
"Lakeland-Winter Haven, FL",The Ridge at Champions Gate
"Lakeland-Winter Haven, FL",Lirio at Rafina
"Lakeland-Winter Haven, FL",Dunson Grove Apartments
"Lakeland-Winter Haven, FL",Prado
"Durham-Chapel Hill, NC",Cortland Research Park
"Durham-Chapel Hill, NC",Cortland at RTP
"Durham-Chapel Hill, NC",The Village at Auburn Apartments
"Durham-Chapel Hill, NC",Southpoint Glen
"Durham-Chapel Hill, NC",MAA Research Park
"Durham-Chapel Hill, NC",Bexley at Triangle Park
"Durham-Chapel Hill, NC",Heights at Meridian
"Durham-Chapel Hill, NC",The Bailey Apartments
"Durham-Chapel Hill, NC",Woodlake Reserve
"Durham-Chapel Hill, NC",Haven at Research Triangle Park
"Durham-Chapel Hill, NC",Tradition at Stonewater
"Charlotte-Concord-Gastonia, NC-SC",Cortland Whitehall
"Charlotte-Concord-Gastonia, NC-SC",Whitehall Parc
"Charlotte-Concord-Gastonia, NC-SC",Sonderly at the Concourse
"Charlotte-Concord-Gastonia, NC-SC",Pringle Square
"Charlotte-Concord-Gastonia, NC-SC",Mosby Steele Creek
"Charlotte-Concord-Gastonia, NC-SC",Vesta City Park Apartments
"Charlotte-Concord-Gastonia, NC-SC",Haven at Rivergate
"Charlotte-Concord-Gastonia, NC-SC",Axis Berewick
"Charlotte-Concord-Gastonia, NC-SC",Citra Luxe
"Charlotte-Concord-Gastonia, NC-SC",Berewick Pointe Apartments
"Charlotte-Concord-Gastonia, NC-SC",Indigo at Berewick
"Dallas-Fort Worth-Arlington, TX",Cortland at Stonebriar
"Dallas-Fort Worth-Arlington, TX",Summit at Stonebriar
"Dallas-Fort Worth-Arlington, TX",Capitol at Stonebriar
"Dallas-Fort Worth-Arlington, TX",Windsor Preston
"Dallas-Fort Worth-Arlington, TX",Cyan Craig Ranch Apartments
"Dallas-Fort Worth-Arlington, TX",Berkshire Pullman
"Dallas-Fort Worth-Arlington, TX",The Huntington Apartments
"Dallas-Fort Worth-Arlington, TX",Luxia Preston
"Dallas-Fort Worth-Arlington, TX",Isaac Apartments
"Dallas-Fort Worth-Arlington, TX",Arise Craig Ranch
"Durham-Chapel Hill, NC",Cortland Highcroft
"Durham-Chapel Hill, NC",High House at Cary Apartments
"Durham-Chapel Hill, NC",Bexley at Carpenter Village
"Durham-Chapel Hill, NC",Cary Greens At Preston
"Durham-Chapel Hill, NC",Bexley Park
"Durham-Chapel Hill, NC",The Reserve at Cary Park
"Durham-Chapel Hill, NC",Preston View
"Durham-Chapel Hill, NC",Lake Cameron
"Durham-Chapel Hill, NC",Beaver Creek Apartments and Townhomes
"Durham-Chapel Hill, NC",The Waterford
"Houston-The Woodlands-Sugar Land, TX",Cortland Museum District
"Houston-The Woodlands-Sugar Land, TX",The Residences at La Colombe dOr
"Houston-The Woodlands-Sugar Land, TX",Hanover Montrose
"Houston-The Woodlands-Sugar Land, TX",Boone Manor
"Houston-The Woodlands-Sugar Land, TX",The Travis
"Houston-The Woodlands-Sugar Land, TX",Allure Hermann Park at Med Center
"Houston-The Woodlands-Sugar Land, TX",One Hermann Place
"Houston-The Woodlands-Sugar Land, TX",Drewery Place
"Houston-The Woodlands-Sugar Land, TX",The Sovereign at Regent Square
"Houston-The Woodlands-Sugar Land, TX",Aris Market Square (new)
"Houston-The Woodlands-Sugar Land, TX",Arrive Upper Kirby
"Raleigh, NC",Cortland Falls River
"Raleigh, NC",Aston Apartments
"Raleigh, NC",Summermill at Falls River
"Raleigh, NC",The Village Apartments
"Raleigh, NC",Junction Six Forks
"Raleigh, NC",Legacy Wake Forest Apartments
"Raleigh, NC",Columns at Wakefield
"Raleigh, NC",The Pointe at Heritage
"Raleigh, NC",The Residences at Wakefield
"Raleigh, NC",Caveness Farms Apartments
"Raleigh, NC",Maystone at Wakefield
"Colorado Springs, CO",Cortland Rockrimmon
"Colorado Springs, CO",Whispering Hills
"Colorado Springs, CO",Vista View
"Colorado Springs, CO",Flats at Pinecliff
"Colorado Springs, CO",Quail Run Apartments
"Colorado Springs, CO",The Goose Apartments
"Colorado Springs, CO",Eagle Ridge
"Colorado Springs, CO",Aspire Fillmore
"Colorado Springs, CO",The Oasis Apartments
"Colorado Springs, CO",Cottonwood Terrace
"Colorado Springs, CO",Union Heights Apartments
"Columbus, OH",Cortland Hilliard
"Columbus, OH",Landmark Lofts
"Columbus, OH",The Square at Latham Park
"Columbus, OH",Dixon House
"Columbus, OH",Ryland Park
"Columbus, OH",Hilliard Summit Apartments
"Columbus, OH",Madison House
"Columbus, OH",Gables West
"Columbus, OH",Madison Park
"Austin-Round Rock, TX",Cortland Southpark Terraces
"Austin-Round Rock, TX",Ethos Apartments
"Austin-Round Rock, TX",Wilder
"Austin-Round Rock, TX",Bexley 3FIVE
"Austin-Round Rock, TX",Bridge at Monarch Bluffs
"Austin-Round Rock, TX",Terra Apartments
"Austin-Round Rock, TX",Still Waters at Southpark Meadows
"Austin-Round Rock, TX",Onion Creek Luxury Apartments
"San Antonio-New Braunfels, TX",Reveal at Onion Creek
"Austin-Round Rock, TX",Bridge at Southpark Meadows
"Raleigh, NC",Cortland Midtown East
"Raleigh, NC",Broadstone Oak City
"Raleigh, NC",Infinity Six Forks
"Raleigh, NC",Marshall Park Apartments + Townhomes
"Raleigh, NC",Jones Grant Urban Flats
"Raleigh, NC",Vine North Hills Apartments
"Raleigh, NC",Park and Market
"Raleigh, NC",Aventon Nora
"Raleigh, NC",Marq at Crabtree
"Raleigh, NC",Creekside at Crabtree
"Raleigh, NC",Allister North Hills
"Denver-Aurora-Lakewood, CO",Cortland Belmar
"Denver-Aurora-Lakewood, CO",One Belmar Place
"Denver-Aurora-Lakewood, CO",Trifecta Belmar
"Denver-Aurora-Lakewood, CO",Sofi Belmar
"Denver-Aurora-Lakewood, CO",Sloans Lake Apartments
"Denver-Aurora-Lakewood, CO",West Line Flats
"Denver-Aurora-Lakewood, CO",Elevate at Red Rocks
"Denver-Aurora-Lakewood, CO",Alta Sloans Lake
"Denver-Aurora-Lakewood, CO",WestLink at Oak Station
"Denver-Aurora-Lakewood, CO",West 38
"Denver-Aurora-Lakewood, CO",Lakeview Towers at Belmar
"Atlanta-Sandy Springs-Roswell, GA",Tramore Village
"Atlanta-Sandy Springs-Roswell, GA",Chroma Park Apartments
"Atlanta-Sandy Springs-Roswell, GA",Ivy Commons
"Atlanta-Sandy Springs-Roswell, GA",Forest Glen
"Atlanta-Sandy Springs-Roswell, GA",Alta Mill Apartments
"Atlanta-Sandy Springs-Roswell, GA",Brodick Hill
"Atlanta-Sandy Springs-Roswell, GA",The Columns at Hiram
"Atlanta-Sandy Springs-Roswell, GA",Orchard Mill Apartments
"Atlanta-Sandy Springs-Roswell, GA",Crestmark Apartment Homes
"Atlanta-Sandy Springs-Roswell, GA",Manchester Place
"Atlanta-Sandy Springs-Roswell, GA",Villas At West Ridge
"Houston-The Woodlands-Sugar Land, TX",Cortland North Haven
"Houston-The Woodlands-Sugar Land, TX",MAA Grand Cypress
"Houston-The Woodlands-Sugar Land, TX",Alys Crossing
"Houston-The Woodlands-Sugar Land, TX",Highline Urban Lofts
"Houston-The Woodlands-Sugar Land, TX",Highpark
"Houston-The Woodlands-Sugar Land, TX",Winward at Telge Crossing
"Houston-The Woodlands-Sugar Land, TX",Prestige at Barker Cypress
"Houston-The Woodlands-Sugar Land, TX",Lakeside Row
"Houston-The Woodlands-Sugar Land, TX",The Madison
"Houston-The Woodlands-Sugar Land, TX",Fairfield Ranch
"Houston-The Woodlands-Sugar Land, TX",Avenues at Cypress
"Phoenix-Mesa-Scottsdale, AZ",Cortland Red Mountain
"Phoenix-Mesa-Scottsdale, AZ",Alanza Place
"Phoenix-Mesa-Scottsdale, AZ",Residences at FortyTwo25 Apartments
"Phoenix-Mesa-Scottsdale, AZ",Ascent at Papago Park
"Phoenix-Mesa-Scottsdale, AZ",Oxford Apartments
"Phoenix-Mesa-Scottsdale, AZ",San Portella
"Phoenix-Mesa-Scottsdale, AZ",The Urban
"Phoenix-Mesa-Scottsdale, AZ",MAA Fountainhead
"Phoenix-Mesa-Scottsdale, AZ",Rio Paradiso
"Phoenix-Mesa-Scottsdale, AZ",Palazzo Townhomes
"Phoenix-Mesa-Scottsdale, AZ",MAA Old Town Scottsdale
"Atlanta-Sandy Springs-Roswell, GA",Cortland Watermark
"Atlanta-Sandy Springs-Roswell, GA",Element 41
"Atlanta-Sandy Springs-Roswell, GA",The Falls at Sope Creek Apartments
"Atlanta-Sandy Springs-Roswell, GA",Cortland East Cobb
"Atlanta-Sandy Springs-Roswell, GA",The Everette at East Cobb
"Atlanta-Sandy Springs-Roswell, GA",Lakeside at Town Center Apartments
"Atlanta-Sandy Springs-Roswell, GA",Avana Cityview
"Durham-Chapel Hill, NC",Cortland Bull City
"Durham-Chapel Hill, NC",605 West End
"Durham-Chapel Hill, NC",Brightleaf on Main
"Durham-Chapel Hill, NC",Liberty Warehouse
"Durham-Chapel Hill, NC",810 Ninth
"Durham-Chapel Hill, NC",Avalon Durham
"Durham-Chapel Hill, NC",Beckon
"Durham-Chapel Hill, NC",Whetstone
"Durham-Chapel Hill, NC",Berkshire Main Street
"Durham-Chapel Hill, NC",GeerHouse
"Durham-Chapel Hill, NC",Aura 509
"Dallas-Fort Worth-Arlington, TX",Cortland North Plano
"Dallas-Fort Worth-Arlington, TX",Trails at Creekside
"Dallas-Fort Worth-Arlington, TX",Estancia At Ridgeview Ranch
"Dallas-Fort Worth-Arlington, TX",Luxia Craig Ranch
"Dallas-Fort Worth-Arlington, TX",St Martin
"Dallas-Fort Worth-Arlington, TX",Benton Pointe
"Dallas-Fort Worth-Arlington, TX",23Hundred At Ridgeview
"Dallas-Fort Worth-Arlington, TX",Twin Creeks Crossing
"Dallas-Fort Worth-Arlington, TX",Settler's Gate
"Dallas-Fort Worth-Arlington, TX",McDermott Place
"Atlanta-Sandy Springs-Roswell, GA",Perimeter Circle
"Atlanta-Sandy Springs-Roswell, GA",Perimeter 5550
"Atlanta-Sandy Springs-Roswell, GA",The Stratford Apartments
"Atlanta-Sandy Springs-Roswell, GA",Aven Chastain
"Atlanta-Sandy Springs-Roswell, GA",Sirona
"Atlanta-Sandy Springs-Roswell, GA",Arches at Glenridge
"Atlanta-Sandy Springs-Roswell, GA",Bell Glenridge
"Atlanta-Sandy Springs-Roswell, GA",Hawthorne Gates
"Atlanta-Sandy Springs-Roswell, GA",The Heights at Dunwoody
"Atlanta-Sandy Springs-Roswell, GA",Elliot Apartments on Abernathy
"Colorado Springs, CO",Cortland Powers North
"Colorado Springs, CO",First and Main Apartments
"Colorado Springs, CO",The Taylor at Greenway
"Colorado Springs, CO",Enchanted Springs Apartments
"Colorado Springs, CO",Residences at Falcon North
"Colorado Springs, CO",Crowne at Rio Vista
"Colorado Springs, CO",Apex
"Colorado Springs, CO",Estate at Woodmen Ridge
"Colorado Springs, CO",Upland Flats Luxury Apartments
"Colorado Springs, CO",Lark on Woodmen
"Colorado Springs, CO",The Citizen on Constitution
"Columbus, OH",Jefferson Chase
"Columbus, OH",Millstream Village
"Columbus, OH",The Residence at Christopher Wren Apartments
"Columbus, OH",Cumberland Links
"Columbus, OH",Rosebrook Village
"Phoenix-Mesa-Scottsdale, AZ",Cortland Chandler Crossing
"Phoenix-Mesa-Scottsdale, AZ",San Palmas
"Phoenix-Mesa-Scottsdale, AZ",Reflections at Gila Springs
"Phoenix-Mesa-Scottsdale, AZ",Gila Springs
"Phoenix-Mesa-Scottsdale, AZ",San Paulo
"Phoenix-Mesa-Scottsdale, AZ",Mountain Park Ranch
"Phoenix-Mesa-Scottsdale, AZ",Symphony
"Phoenix-Mesa-Scottsdale, AZ",Avana River Ranch
"Phoenix-Mesa-Scottsdale, AZ",CityScape at Lakeshore
"Phoenix-Mesa-Scottsdale, AZ",IMT Ahwatukee
"Phoenix-Mesa-Scottsdale, AZ",Lakeside
"Houston-The Woodlands-Sugar Land, TX",Cortland River Oaks
"Houston-The Woodlands-Sugar Land, TX",Caroline West Gray
"Houston-The Woodlands-Sugar Land, TX",Arlo Buffalo Heights
"Houston-The Woodlands-Sugar Land, TX",Jackson Hill
"Houston-The Woodlands-Sugar Land, TX",City Place Montrose
"Houston-The Woodlands-Sugar Land, TX",Ashton on West Dallas
"Houston-The Woodlands-Sugar Land, TX",The Left Bank
"Houston-The Woodlands-Sugar Land, TX",Camden Midtown
"Houston-The Woodlands-Sugar Land, TX",The Fitz
"Houston-The Woodlands-Sugar Land, TX",Midtown Arbor Place
"Houston-The Woodlands-Sugar Land, TX",Skyline at Midtown
"Miami-Fort Lauderdale-West Palm Beach, FL",Cortland West Palm
"Miami-Fort Lauderdale-West Palm Beach, FL",Alora West Palm Beach
"Miami-Fort Lauderdale-West Palm Beach, FL",Locklyn West Palm
"Miami-Fort Lauderdale-West Palm Beach, FL",Indigo West Palm Beach
"Miami-Fort Lauderdale-West Palm Beach, FL",Vue at 1400
"Miami-Fort Lauderdale-West Palm Beach, FL",The Grand
"Miami-Fort Lauderdale-West Palm Beach, FL",Resia Mangonia Lake
"Miami-Fort Lauderdale-West Palm Beach, FL",The Point at Palm Beach Grove
"Miami-Fort Lauderdale-West Palm Beach, FL",Monaco Isles
"Miami-Fort Lauderdale-West Palm Beach, FL",Fairway Vista
"Miami-Fort Lauderdale-West Palm Beach, FL",The MID Apartment Residences
"Phoenix-Mesa-Scottsdale, AZ",Heritage District
"Phoenix-Mesa-Scottsdale, AZ",Chandler Ridge
"Phoenix-Mesa-Scottsdale, AZ",Cielo on Gilbert
"Phoenix-Mesa-Scottsdale, AZ",Autumn Creek
"Phoenix-Mesa-Scottsdale, AZ",Tides at Mesa
"Phoenix-Mesa-Scottsdale, AZ",Villa Fiesta
"Phoenix-Mesa-Scottsdale, AZ",Tides on Southern
"Phoenix-Mesa-Scottsdale, AZ",Biscayne Bay Apartments
"Phoenix-Mesa-Scottsdale, AZ",Genoa Lakes
"Phoenix-Mesa-Scottsdale, AZ",Arches at Hidden Creek
"Phoenix-Mesa-Scottsdale, AZ",Rise at The District
"Dallas-Fort Worth-Arlington, TX",St. Marin
"Dallas-Fort Worth-Arlington, TX",The District at Cypress Waters - Scotch Creek
"Dallas-Fort Worth-Arlington, TX",Mercer Crossing Apartments
"Dallas-Fort Worth-Arlington, TX",Lakeside Lofts
"Dallas-Fort Worth-Arlington, TX",AMLI at Escena
"Washington-Arlington-Alexandria, DC-VA-MD-WV",Cortland Rosslyn
"Washington-Arlington-Alexandria, DC-VA-MD-WV",Central Place
"Washington-Arlington-Alexandria, DC-VA-MD-WV",Rosslyn Towers
"Washington-Arlington-Alexandria, DC-VA-MD-WV",The Bartlett
"Washington-Arlington-Alexandria, DC-VA-MD-WV",Origin
"Washington-Arlington-Alexandria, DC-VA-MD-WV",The Witmer Pentagon City
"Washington-Arlington-Alexandria, DC-VA-MD-WV",The Commodore
"Washington-Arlington-Alexandria, DC-VA-MD-WV",J SOL
"Washington-Arlington-Alexandria, DC-VA-MD-WV",Altaire
"Washington-Arlington-Alexandria, DC-VA-MD-WV",1800 Oak
"Miami-Fort Lauderdale-West Palm Beach, FL",Cortland at the Hammocks
"Miami-Fort Lauderdale-West Palm Beach, FL",Cortland Kings Meadow
"Miami-Fort Lauderdale-West Palm Beach, FL",Emerald Palms Apartment
"Miami-Fort Lauderdale-West Palm Beach, FL",Palmetto Place
"Miami-Fort Lauderdale-West Palm Beach, FL",Casa Vera
"Miami-Fort Lauderdale-West Palm Beach, FL",Cascades at The Hammocks
"Miami-Fort Lauderdale-West Palm Beach, FL",Waterford Landing
"Miami-Fort Lauderdale-West Palm Beach, FL",Doral View
"Miami-Fort Lauderdale-West Palm Beach, FL",Four Quarters
"Miami-Fort Lauderdale-West Palm Beach, FL",Legacy Harbour Key
"Miami-Fort Lauderdale-West Palm Beach, FL",Windsor Pembroke Pines
"San Antonio-New Braunfels, TX",Cortland at Fredericksburg
"San Antonio-New Braunfels, TX",Palmetto Pointe
"San Antonio-New Braunfels, TX",Boardwalk Research
"San Antonio-New Braunfels, TX",Firewheel
"San Antonio-New Braunfels, TX",The Vance at Huebner Oaks
"San Antonio-New Braunfels, TX",Ventana
"San Antonio-New Braunfels, TX",The Mark at Huebner Oaks
"San Antonio-New Braunfels, TX",Reserve at Canyon Creek
"San Antonio-New Braunfels, TX",The Jax
"San Antonio-New Braunfels, TX",Lirio
"San Antonio-New Braunfels, TX",District at Medical Center Apartments
"Phoenix-Mesa-Scottsdale, AZ",Cortland South Mountain
"Phoenix-Mesa-Scottsdale, AZ",909 West
"Phoenix-Mesa-Scottsdale, AZ",Finisterra
"Phoenix-Mesa-Scottsdale, AZ",San Palmilla
"Phoenix-Mesa-Scottsdale, AZ",Garden Grove Apartment Homes
"Phoenix-Mesa-Scottsdale, AZ",Sonoran Apartment Homes
"Phoenix-Mesa-Scottsdale, AZ",Strada
"Phoenix-Mesa-Scottsdale, AZ",Sierra Foothills
"Phoenix-Mesa-Scottsdale, AZ",Liv Ahwatukee
"Phoenix-Mesa-Scottsdale, AZ",Harper
"Phoenix-Mesa-Scottsdale, AZ",Broadstone Tempe Station
"Lakeland-Winter Haven, FL",Cortland Hunters Creek
"Lakeland-Winter Haven, FL",Sonceto
"Lakeland-Winter Haven, FL",Vernazza
"Lakeland-Winter Haven, FL",Springs at Tapestry
"Lakeland-Winter Haven, FL",Integra Sunrise Parc
"Lakeland-Winter Haven, FL",Skye at Hunter's Creek
"Lakeland-Winter Haven, FL",Ebbtide Villas and Flats
"Lakeland-Winter Haven, FL",Monterosso
"Lakeland-Winter Haven, FL",Oasis at Shingle Creek
"Lakeland-Winter Haven, FL",Atlas at the Loop
"Lakeland-Winter Haven, FL",14Fifty NeoCity
"Orlando-Kissimmee-Sanford, FL",Cortland Lake Lotus
"Orlando-Kissimmee-Sanford, FL",Arbors at Maitland Summit
"Orlando-Kissimmee-Sanford, FL",ARIUM Altamonte Springs
"Orlando-Kissimmee-Sanford, FL",Cortland Mirror Lake
"Orlando-Kissimmee-Sanford, FL",Timberlake Apartments
"Orlando-Kissimmee-Sanford, FL",Cortland Lake Howell
"Orlando-Kissimmee-Sanford, FL",Village Springs
"Orlando-Kissimmee-Sanford, FL",Talia at Maitland
"Boise City, ID",Cortland at Ten Mile
"Boise City, ID",Cortland South Meridian
"Boise City, ID",Prelude at Paramount
"Boise City, ID",The 240 Apartments
"Boise City, ID",The Regency at River Valley
"Boise City, ID",The Lofts at Ten Mile
"Boise City, ID",Southridge Apartments
"Boise City, ID",Dovetail
"Ontario, OR-ID",The Station Apartments at Gateway
"Boise City, ID",The Flats at Ten Mile
"Dallas-Fort Worth-Arlington, TX",Fountain Wood
"Dallas-Fort Worth-Arlington, TX",Enclave At Bear Creek
"Dallas-Fort Worth-Arlington, TX",Franciscan at Bear Creek
"Dallas-Fort Worth-Arlington, TX",Eden Park at Bear Creek
"Dallas-Fort Worth-Arlington, TX",Overlook At Bear Creek
"Dallas-Fort Worth-Arlington, TX",Village Green of Bear Creek
"Dallas-Fort Worth-Arlington, TX",The Bradford on the Park
"Dallas-Fort Worth-Arlington, TX",Bear Creek at Harwood Apartments
"Dallas-Fort Worth-Arlington, TX",Woodchase Apartments
"Dallas-Fort Worth-Arlington, TX",The Arbors of Euless Apartments
"Dallas-Fort Worth-Arlington, TX",Huntington Glen
"Tucson, AZ",Cortland Sun River
"Tucson, AZ",Cortland on the Loop
"Tucson, AZ",Sparro
"Tucson, AZ",Domain 3201
"Tucson, AZ",Saddle Ridge
"Tucson, AZ",Aventura Apartments
"Tucson, AZ",Sonoran Reserve
"Tucson, AZ",CentrePoint Apartment Homes
"Tucson, AZ",Circ Tucson
"Houston-The Woodlands-Sugar Land, TX",Cortland Lakemont
"Houston-The Woodlands-Sugar Land, TX",Haven at Bellaire
"Houston-The Woodlands-Sugar Land, TX",Grand Reserve
"Houston-The Woodlands-Sugar Land, TX",Marquis Grand Lakes
"Houston-The Woodlands-Sugar Land, TX",Deseo at Grand Mission
"Houston-The Woodlands-Sugar Land, TX",Cortland Seven Meadows
"Houston-The Woodlands-Sugar Land, TX",Lakeview at Westpark
"Houston-The Woodlands-Sugar Land, TX",Prose District West
"Houston-The Woodlands-Sugar Land, TX",Camden Downs At Cinco Ranch
"Houston-The Woodlands-Sugar Land, TX",Silverstream
"Houston-The Woodlands-Sugar Land, TX",The Addison at Sugar Land
"Houston-The Woodlands-Sugar Land, TX",Attiva Pearland
"Houston-The Woodlands-Sugar Land, TX",Sandestin at Pearland
"Houston-The Woodlands-Sugar Land, TX",The Townhomes at Lake Park
"Houston-The Woodlands-Sugar Land, TX",Westlake Residential
"Houston-The Woodlands-Sugar Land, TX",Advenir at Boulder Creek
"Houston-The Woodlands-Sugar Land, TX",Oakbridge
"Houston-The Woodlands-Sugar Land, TX",Residences at Pearland Town Center
"Houston-The Woodlands-Sugar Land, TX",Summerwind
"Houston-The Woodlands-Sugar Land, TX",2800 Tranquility
"Houston-The Woodlands-Sugar Land, TX",PARK AVENUE AT BOULDER CREEK
"Houston-The Woodlands-Sugar Land, TX",Whispering Winds
"Dallas-Fort Worth-Arlington, TX",Providence in the Park
"Dallas-Fort Worth-Arlington, TX",Franciscan of Arlington
"Dallas-Fort Worth-Arlington, TX",Arbrook Park
"Dallas-Fort Worth-Arlington, TX",Pavilion
"Dallas-Fort Worth-Arlington, TX",The Residence on Lamar
"Dallas-Fort Worth-Arlington, TX",Sheffield Square
"Dallas-Fort Worth-Arlington, TX",Harmony
"Dallas-Fort Worth-Arlington, TX",Villa Del Mar Apartments
"Dallas-Fort Worth-Arlington, TX",Bella Vita at Three60 Apartments
"Dallas-Fort Worth-Arlington, TX",Mateo Apartment Homes
"Dallas-Fort Worth-Arlington, TX",Horizons at Sunridge
"Atlanta-Sandy Springs-Roswell, GA",The Jade at Avondale
"Atlanta-Sandy Springs-Roswell, GA",Notion
"Columbus, OH",Lake`s Edge
"Columbus, OH",The Coleman Canal Winchester
"Columbus, OH",Schirm Farms Apartments
"Columbus, OH",Pickerington Ridge
"Columbus, OH",Cortland at New Albany
"Columbus, OH",The Ridge at Chestnut Hill
"Columbus, OH",Woods at Perry Lane
"Columbus, OH",Albany Commons
"Columbus, OH",Albany Corners
"Columbus, OH",Lake Forest Apartments
"Columbus, OH",Hudson Square Apartments
"Columbus, OH",The Villas & St. Andrews at Little Turtle
"Columbus, OH",Enclave at Albany Park
"Columbus, OH",Market & Main
"Tampa-St. Petersburg-Clearwater, FL",Verandahs of Brighton Bay
"Tampa-St. Petersburg-Clearwater, FL",Tortuga Pointe by ARIUM
"Tampa-St. Petersburg-Clearwater, FL",West Port Colony
"Tampa-St. Petersburg-Clearwater, FL",TGM Ibis Walk
"Tampa-St. Petersburg-Clearwater, FL",Promenade at Carillon
"Tampa-St. Petersburg-Clearwater, FL",Milo Bayside
"Tampa-St. Petersburg-Clearwater, FL",Fairways at Feather Sound
"Tampa-St. Petersburg-Clearwater, FL",Madison Gateway
"Phoenix-Mesa-Scottsdale, AZ",Indigo Creek
"Phoenix-Mesa-Scottsdale, AZ",Renaissance
"Phoenix-Mesa-Scottsdale, AZ",Paseo Park
"Phoenix-Mesa-Scottsdale, AZ",Sweetwater At Metro North
"Phoenix-Mesa-Scottsdale, AZ",Reserve At Arrowhead
"Phoenix-Mesa-Scottsdale, AZ",Jerome Apartments
"Phoenix-Mesa-Scottsdale, AZ",Diamonte on Bell
"Phoenix-Mesa-Scottsdale, AZ",Fairways on Thunderbird
"Phoenix-Mesa-Scottsdale, AZ",Portola North Phoenix
"Phoenix-Mesa-Scottsdale, AZ",Oakridge Apartments
"Phoenix-Mesa-Scottsdale, AZ",Sierra Pines
"Atlanta-Sandy Springs-Roswell, GA",Cortland Uptown Buckhead
"Atlanta-Sandy Springs-Roswell, GA",Camden Phipps
"Atlanta-Sandy Springs-Roswell, GA",MAA Stratford
"Atlanta-Sandy Springs-Roswell, GA",Morgan Place
"Atlanta-Sandy Springs-Roswell, GA",The Atlantic Brookwood
"Atlanta-Sandy Springs-Roswell, GA",Evergreen Lenox Park
"Atlanta-Sandy Springs-Roswell, GA",The Atlantic Ashford
"Atlanta-Sandy Springs-Roswell, GA",Park at Chastain Apartments
"Atlanta-Sandy Springs-Roswell, GA",Morningside Courts
"Charlotte-Concord-Gastonia, NC-SC",Cortland Cotswold
"Charlotte-Concord-Gastonia, NC-SC",Pinehurst On Providence
"Charlotte-Concord-Gastonia, NC-SC",Magnolia Heights
"Charlotte-Concord-Gastonia, NC-SC",Camden Fairview
"Charlotte-Concord-Gastonia, NC-SC",Randolph Park
"Charlotte-Concord-Gastonia, NC-SC",59Twenty @ Monroe
"Charlotte-Concord-Gastonia, NC-SC",Southpark Commons Apartment Homes
"Charlotte-Concord-Gastonia, NC-SC",Summit on Central
"Charlotte-Concord-Gastonia, NC-SC",Camden Foxcroft
"Charlotte-Concord-Gastonia, NC-SC",Madison Southpark Apartment Homes
"Charlotte-Concord-Gastonia, NC-SC",Dwell at Carmel
"Denver-Aurora-Lakewood, CO",Cortland Congress Park
"Denver-Aurora-Lakewood, CO",Broadstone on 9th
"Denver-Aurora-Lakewood, CO",Venue on 16th
"Denver-Aurora-Lakewood, CO",IMT At City Park
"Denver-Aurora-Lakewood, CO",Griffis Cherry Creek
"Denver-Aurora-Lakewood, CO",Gables Cherry Creek
"Denver-Aurora-Lakewood, CO",Milo
"Denver-Aurora-Lakewood, CO",Avalon Lowry
"Denver-Aurora-Lakewood, CO",Griffis Cherry Creek North
"Dallas-Fort Worth-Arlington, TX",Cortland Phillips Creek Ranch
"Dallas-Fort Worth-Arlington, TX",Alaqua at Frisco Apartments
"Dallas-Fort Worth-Arlington, TX",Bell Stonebriar
"Dallas-Fort Worth-Arlington, TX",Ravello Stonebriar
"Dallas-Fort Worth-Arlington, TX",Sorrel Phillips Creek Ranch
"Dallas-Fort Worth-Arlington, TX",The Village at Lakefront
"Dallas-Fort Worth-Arlington, TX",Newman Village Apartments
"Dallas-Fort Worth-Arlington, TX",The Maxwell
"Dallas-Fort Worth-Arlington, TX",The Edison at Frisco
"Dallas-Fort Worth-Arlington, TX",4 Corners
"Atlanta-Sandy Springs-Roswell, GA",Cortland Oleander
"Atlanta-Sandy Springs-Roswell, GA",Centra at North Druid Hills
"Atlanta-Sandy Springs-Roswell, GA",Bellamy Executive Park
"Atlanta-Sandy Springs-Roswell, GA",Bryn House
"Atlanta-Sandy Springs-Roswell, GA",Helios
"Atlanta-Sandy Springs-Roswell, GA",Solstice Morningside Apartments
"Atlanta-Sandy Springs-Roswell, GA",AMLI Piedmont Heights
"Atlanta-Sandy Springs-Roswell, GA",2050 Morningside
"Atlanta-Sandy Springs-Roswell, GA",AMLI Buckhead
"Atlanta-Sandy Springs-Roswell, GA",The Hendrix
"Columbus, OH",Carson Farms
"Columbus, OH",Caldera House
"Columbus, OH",The Woods at Polaris Parkway Apartment Homes
"Columbus, OH",The Flats on Houk
"Columbus, OH",Ravines at Rocky Ridge
"Miami-Fort Lauderdale-West Palm Beach, FL",Legacy Lake Vista
"Miami-Fort Lauderdale-West Palm Beach, FL",Bell Kendall West
"Miami-Fort Lauderdale-West Palm Beach, FL",The Stratford
"Durham-Chapel Hill, NC",Legacy at Meridian Apartments
"Durham-Chapel Hill, NC",54 Station
"Durham-Chapel Hill, NC",Chancery Village
"Durham-Chapel Hill, NC",Encore at the Park
"Durham-Chapel Hill, NC",The Berkeley At Southpoint
"Durham-Chapel Hill, NC",Southpoint Crossing
"Houston-The Woodlands-Sugar Land, TX",Cortland League City
"Houston-The Woodlands-Sugar Land, TX",Victory North
"Houston-The Woodlands-Sugar Land, TX",Beacon Lakes
"Houston-The Woodlands-Sugar Land, TX",Watersedge
"Houston-The Woodlands-Sugar Land, TX",Avenues at Tuscan Lakes
"Houston-The Woodlands-Sugar Land, TX",Signature Point Apartment Homes
"Houston-The Woodlands-Sugar Land, TX",Century South Shore
"Houston-The Woodlands-Sugar Land, TX",Catalon at Lago Mar
"Houston-The Woodlands-Sugar Land, TX",The Grayson at Baybrook
"Houston-The Woodlands-Sugar Land, TX",Fairways at South Shore
"Houston-The Woodlands-Sugar Land, TX",Trivium at Edgewater
"Orlando-Kissimmee-Sanford, FL",Cortland Nona
"Orlando-Kissimmee-Sanford, FL",Bainbridge Mission Pointe
"Orlando-Kissimmee-Sanford, FL",Dwell Nona Place
"Orlando-Kissimmee-Sanford, FL",Bainbridge at Nona Place
"Orlando-Kissimmee-Sanford, FL",NOVEL Nona by Crescent Communities
"Orlando-Kissimmee-Sanford, FL",Lake Nona Concorde
"Orlando-Kissimmee-Sanford, FL",Landon House
"Orlando-Kissimmee-Sanford, FL",Mallory Square
"Orlando-Kissimmee-Sanford, FL",Urbon @ Nona
"Lakeland-Winter Haven, FL",MAA Boggy Creek
"Nashville-Davidson-Murfreesboro-Franklin, TN",Cambridge at Hickory Hollow
"Nashville-Davidson-Murfreesboro-Franklin, TN",The Stockwell Apartments
"Nashville-Davidson-Murfreesboro-Franklin, TN",The Summit at Cane Ridge
"Nashville-Davidson-Murfreesboro-Franklin, TN",Lyric on Bell
"Nashville-Davidson-Murfreesboro-Franklin, TN",The Darby
"Nashville-Davidson-Murfreesboro-Franklin, TN",Chimney Top
"Nashville-Davidson-Murfreesboro-Franklin, TN",Avana Overlook
"Nashville-Davidson-Murfreesboro-Franklin, TN",Abbington Heights
"Nashville-Davidson-Murfreesboro-Franklin, TN",Pinnacle Heights Apartments
"Nashville-Davidson-Murfreesboro-Franklin, TN",Allegro on Bell
"Nashville-Davidson-Murfreesboro-Franklin, TN",Preakness Apartments
"Atlanta-Sandy Springs-Roswell, GA",1000 Spalding
"Atlanta-Sandy Springs-Roswell, GA",Dunwoody Ridge
"Atlanta-Sandy Springs-Roswell, GA",The Reserve at Ridgewood
"Atlanta-Sandy Springs-Roswell, GA",Aventura Dunwoody
"Atlanta-Sandy Springs-Roswell, GA",The Adair Apartment Homes
"Atlanta-Sandy Springs-Roswell, GA",The Carlyle at Perimeter
"Atlanta-Sandy Springs-Roswell, GA",Celebration at Sandy Springs
"Atlanta-Sandy Springs-Roswell, GA",Dunwoody Gables
"Atlanta-Sandy Springs-Roswell, GA",45Eighty Dunwoody
"Denver-Aurora-Lakewood, CO",Mint Urban Infinity
"Denver-Aurora-Lakewood, CO",Monaco Lakes
"Denver-Aurora-Lakewood, CO",Esprit Cherry Creek
"Denver-Aurora-Lakewood, CO",The Lodge
"Denver-Aurora-Lakewood, CO",Advenir at Cherry Creek North
"Denver-Aurora-Lakewood, CO",The Ventana at Colorado Station
"Denver-Aurora-Lakewood, CO",Monaco South
"Denver-Aurora-Lakewood, CO",3300 Tamarac Apartments
"Denver-Aurora-Lakewood, CO",The Atrii
"Denver-Aurora-Lakewood, CO",Cambridge Place
"Denver-Aurora-Lakewood, CO",Colorado Station
"Minneapolis-St. Paul-Bloomington, MN-WI",Cortland Mill District
"Minneapolis-St. Paul-Bloomington, MN-WI",Soo Line Building City Apartments
"Minneapolis-St. Paul-Bloomington, MN-WI",HQ Apartments
"Minneapolis-St. Paul-Bloomington, MN-WI",Artistry on 10th
"Minneapolis-St. Paul-Bloomington, MN-WI",NIC on 5th
"Minneapolis-St. Paul-Bloomington, MN-WI",4Marq
"Minneapolis-St. Paul-Bloomington, MN-WI",The Larking
"Minneapolis-St. Paul-Bloomington, MN-WI",Edition Apartments
"Minneapolis-St. Paul-Bloomington, MN-WI",Ironclad Residential
"Minneapolis-St. Paul-Bloomington, MN-WI",270 Hennepin
"Minneapolis-St. Paul-Bloomington, MN-WI",Gatsby Apartments
"Dallas-Fort Worth-Arlington, TX",Cortland Waters Edge
"Dallas-Fort Worth-Arlington, TX",The Canal
"Dallas-Fort Worth-Arlington, TX",Boardwalk at Mercer Crossing
"Dallas-Fort Worth-Arlington, TX",Mercer 1900
"Dallas-Fort Worth-Arlington, TX",AMLI Campion Trail
"Dallas-Fort Worth-Arlington, TX",La Villita Lakeside and Landings
"Houston-The Woodlands-Sugar Land, TX",Cortland Copper Springs
"Houston-The Woodlands-Sugar Land, TX",The Retreat at Steeplechase
"Houston-The Woodlands-Sugar Land, TX",Falls at Copper Lake
"Houston-The Woodlands-Sugar Land, TX",Trails At Corinthian Creek
"Houston-The Woodlands-Sugar Land, TX",Weston at Copperfield
"Houston-The Woodlands-Sugar Land, TX",Trails At Eldridge Parkway
"Houston-The Woodlands-Sugar Land, TX",Asheville at Spring Branch
"Houston-The Woodlands-Sugar Land, TX",Estancia San Miguel
"Houston-The Woodlands-Sugar Land, TX",Carrington Place Apartments
"Houston-The Woodlands-Sugar Land, TX",Derby at Steeplechase
"Houston-The Woodlands-Sugar Land, TX",Taylor At Copperfield
"Orlando-Kissimmee-Sanford, FL",Onyx Winter Park
"Orlando-Kissimmee-Sanford, FL",Tuskawilla at Winter Springs
"Orlando-Kissimmee-Sanford, FL",Newport Colony Apartments in Casselberry
"Orlando-Kissimmee-Sanford, FL",Sapphire Winter Park
"Orlando-Kissimmee-Sanford, FL",Signal Pointe
"Orlando-Kissimmee-Sanford, FL",Whisper Lake Apartments
"Orlando-Kissimmee-Sanford, FL",Reserve at Lake Irene
"Orlando-Kissimmee-Sanford, FL",Lakeside Villas
"Orlando-Kissimmee-Sanford, FL",The Eli Winter Springs Apartments
"Dallas-Fort Worth-Arlington, TX",Cortland Bear Creek
"Dallas-Fort Worth-Arlington, TX",Harlowe (TX)
"Dallas-Fort Worth-Arlington, TX",MAA Bear Creek
"Dallas-Fort Worth-Arlington, TX",Cortland Walnut Hill
"Dallas-Fort Worth-Arlington, TX",Monticello by the Vineyard Apartments
"Dallas-Fort Worth-Arlington, TX",Centreport Lake
"Dallas-Fort Worth-Arlington, TX",MAA Willow Creek
"Dallas-Fort Worth-Arlington, TX",The Davis
"Dallas-Fort Worth-Arlington, TX",Dayrise at Centreport
"Dallas-Fort Worth-Arlington, TX",Avenue 900
"Orlando-Kissimmee-Sanford, FL",The Terraces at Lake Mary
"Orlando-Kissimmee-Sanford, FL",Solace Timacuan
"Orlando-Kissimmee-Sanford, FL",The Fairways at Lake Mary
"Orlando-Kissimmee-Sanford, FL",Westlake Apartment Homes
"Orlando-Kissimmee-Sanford, FL",Solara
"Orlando-Kissimmee-Sanford, FL",Pebble Creek Apartments At Lake Mary
"Orlando-Kissimmee-Sanford, FL",Ballantrae Apartments
"Orlando-Kissimmee-Sanford, FL",Lake's Edge Apartments
"Orlando-Kissimmee-Sanford, FL",MAA Twin Lakes
"Orlando-Kissimmee-Sanford, FL",Hidden Village
"Tampa-St. Petersburg-Clearwater, FL",Cortland Lakecrest
"Tampa-St. Petersburg-Clearwater, FL",The Dawson
"Tampa-St. Petersburg-Clearwater, FL",Caribbean Breeze
"Tampa-St. Petersburg-Clearwater, FL",Henley Tampa Palms
"Tampa-St. Petersburg-Clearwater, FL",Park Avenue Apartments
"Tampa-St. Petersburg-Clearwater, FL",The Falls at New Tampa
"Tampa-St. Petersburg-Clearwater, FL",Viridian Apartments
"Tampa-St. Petersburg-Clearwater, FL",The Livingston
"Tampa-St. Petersburg-Clearwater, FL",Palm Avenue Apartments
"Tampa-St. Petersburg-Clearwater, FL",Lakeview Oaks
"Atlanta-Sandy Springs-Roswell, GA",Cortland 3131
"Atlanta-Sandy Springs-Roswell, GA",The Dakota at Druid Hills
"Atlanta-Sandy Springs-Roswell, GA",Briarcliff Apartments
"Atlanta-Sandy Springs-Roswell, GA",Cortland Viridian
"Atlanta-Sandy Springs-Roswell, GA",LaVista Crossing
"Atlanta-Sandy Springs-Roswell, GA",MAA Peachtree Hills
"Atlanta-Sandy Springs-Roswell, GA",Camden St. Clair
"Atlanta-Sandy Springs-Roswell, GA",MAA Glen
"Atlanta-Sandy Springs-Roswell, GA",The Five @ North Decatur
"Atlanta-Sandy Springs-Roswell, GA",Decatur Highlands
"Atlanta-Sandy Springs-Roswell, GA",Haven on Peachwood
"Dallas-Fort Worth-Arlington, TX",Cortland West Plano
"Dallas-Fort Worth-Arlington, TX",Cool Springs at Frisco Bridges
"Dallas-Fort Worth-Arlington, TX",Mission Gate
"Dallas-Fort Worth-Arlington, TX",Dorian and Encore
"Dallas-Fort Worth-Arlington, TX",Cypress Lake at Stonebriar
"Dallas-Fort Worth-Arlington, TX",MAA Frisco Bridges
"Dallas-Fort Worth-Arlington, TX",Legacy Village Apartment Homes
"Dallas-Fort Worth-Arlington, TX",Villas Of Preston Creek
"Dallas-Fort Worth-Arlington, TX",MAA Market Center
"Orlando-Kissimmee-Sanford, FL",Cortland Vera Sanford
"Orlando-Kissimmee-Sanford, FL",Integra Crossings
"Orlando-Kissimmee-Sanford, FL",Story Sanford
"Orlando-Kissimmee-Sanford, FL",Viridian Reserve Apartments
"Orlando-Kissimmee-Sanford, FL",NOVEL Parkway by Crescent Communities
"Orlando-Kissimmee-Sanford, FL",Allure on Parkway
"Orlando-Kissimmee-Sanford, FL",The Crosby at Towne Center
"Orlando-Kissimmee-Sanford, FL",Vintage Lake Mary Apartments
"Orlando-Kissimmee-Sanford, FL",The Henry
"Orlando-Kissimmee-Sanford, FL",Afton Palms
"Atlanta-Sandy Springs-Roswell, GA",Cortland at Phipps Plaza
"Atlanta-Sandy Springs-Roswell, GA",Bell Terminus
"Atlanta-Sandy Springs-Roswell, GA",Prominence
"Atlanta-Sandy Springs-Roswell, GA",Buckhead 960
"Atlanta-Sandy Springs-Roswell, GA",AMLI Flatiron
"Atlanta-Sandy Springs-Roswell, GA",Alta Porter on Peachtree
"Charlotte-Concord-Gastonia, NC-SC",Cortland Wren Northlake
"Charlotte-Concord-Gastonia, NC-SC",The District
"Charlotte-Concord-Gastonia, NC-SC",Residences at Brookline
"Charlotte-Concord-Gastonia, NC-SC",Apartments at Eleven240
"Charlotte-Concord-Gastonia, NC-SC",Proximity NorthLake
"Charlotte-Concord-Gastonia, NC-SC",Evolve Huntersville
"Charlotte-Concord-Gastonia, NC-SC",Abberly Liberty Crossing
"Charlotte-Concord-Gastonia, NC-SC",The Maxwell at Highland Creek
"Charlotte-Concord-Gastonia, NC-SC",Celsius Apartment Homes
"Charlotte-Concord-Gastonia, NC-SC",Ventura Research Park
"Charlotte-Concord-Gastonia, NC-SC",Highland Park at Northlake
"Birmingham-Hoover, AL",Cortland Vesta
"Birmingham-Hoover, AL",The Palmer
"Birmingham-Hoover, AL",Tower on Tenth
"Birmingham-Hoover, AL",Park 35 on Clairmont
"Birmingham-Hoover, AL",The 600
"Birmingham-Hoover, AL",Parkside Apartments
"Birmingham-Hoover, AL",Rise Red Mountain
"Birmingham-Hoover, AL",The Frank
"Birmingham-Hoover, AL",Foundry Yards
"Birmingham-Hoover, AL",Met on 7th
"Birmingham-Hoover, AL",The Hill at Eastbury
"Phoenix-Mesa-Scottsdale, AZ",Cortland at Raven
"Phoenix-Mesa-Scottsdale, AZ",Carlyle Townhomes
"Phoenix-Mesa-Scottsdale, AZ",Esteban Park
"Phoenix-Mesa-Scottsdale, AZ",Parc South Mountain
"Phoenix-Mesa-Scottsdale, AZ",Portola South Mountain
"Phoenix-Mesa-Scottsdale, AZ",San Paseo
"Phoenix-Mesa-Scottsdale, AZ",Vista Sureno
"Phoenix-Mesa-Scottsdale, AZ",Lore South Mountain
"Phoenix-Mesa-Scottsdale, AZ",Rancho Ladera
"Phoenix-Mesa-Scottsdale, AZ",Serafina at South Mountain
"Dallas-Fort Worth-Arlington, TX",Cortland La Villita
"Dallas-Fort Worth-Arlington, TX",AMLI on Riverside
"Dallas-Fort Worth-Arlington, TX",Lakeside Urban Center
"Dallas-Fort Worth-Arlington, TX",Lakeshore Lofts
"Dallas-Fort Worth-Arlington, TX",Mission at La Villita
"Dallas-Fort Worth-Arlington, TX",The BLVD
"Dallas-Fort Worth-Arlington, TX",Olympus Las Colinas
"Dallas-Fort Worth-Arlington, TX",Aspen at Mercer Crossing
"Dallas-Fort Worth-Arlington, TX",Shoreline on Lake Carolyn
"Houston-The Woodlands-Sugar Land, TX",Avenues at Shadow Creek Ranch
"Houston-The Woodlands-Sugar Land, TX",Valencia Place Apartments
"Houston-The Woodlands-Sugar Land, TX",Aspire at 610
"Houston-The Woodlands-Sugar Land, TX",Kingsley Shadow Creek Ranch
"Miami-Fort Lauderdale-West Palm Beach, FL",Cortland Portofino Place
"Miami-Fort Lauderdale-West Palm Beach, FL",Quantum Lake Villas Apartments
"Miami-Fort Lauderdale-West Palm Beach, FL",Azalea Village
"Miami-Fort Lauderdale-West Palm Beach, FL",Cameron Estates
"Miami-Fort Lauderdale-West Palm Beach, FL",VISTA LAGO
"Miami-Fort Lauderdale-West Palm Beach, FL",Gables Montecito
"Miami-Fort Lauderdale-West Palm Beach, FL",The Cove at Boynton Beach Apartments
"Miami-Fort Lauderdale-West Palm Beach, FL",The Reserve and The Park at Riverbridge
"Charlotte-Concord-Gastonia, NC-SC",Cortland University North
"Charlotte-Concord-Gastonia, NC-SC",Highlands At Alexander Pointe
"Charlotte-Concord-Gastonia, NC-SC",Ashford Green
"Charlotte-Concord-Gastonia, NC-SC",Thornberry Apartments
"Charlotte-Concord-Gastonia, NC-SC",Elan at Mallard Creek Apartment Homes
"Charlotte-Concord-Gastonia, NC-SC",MAA University Lake
"Charlotte-Concord-Gastonia, NC-SC",MAA Legacy Park
"Charlotte-Concord-Gastonia, NC-SC",Arwen Vista
"Charlotte-Concord-Gastonia, NC-SC",The Lodge at Mallard Creek Apartments
"Atlanta-Sandy Springs-Roswell, GA",Auburn Glenn
"Atlanta-Sandy Springs-Roswell, GA",West Inman Lofts
"Atlanta-Sandy Springs-Roswell, GA",City Plaza
"Atlanta-Sandy Springs-Roswell, GA",The Prato at Midtown
"Atlanta-Sandy Springs-Roswell, GA",The Atlantic North Highland
"Atlanta-Sandy Springs-Roswell, GA",Piedmont Pad Apartments
"Atlanta-Sandy Springs-Roswell, GA",Muse ATL
"Atlanta-Sandy Springs-Roswell, GA",Ashley Collegetown
"Atlanta-Sandy Springs-Roswell, GA",Pencil Factory Flats
"Atlanta-Sandy Springs-Roswell, GA",Enso
"Denver-Aurora-Lakewood, CO",Cortland Gateway Park
"Denver-Aurora-Lakewood, CO",Parkfield Apartment Homes
"Denver-Aurora-Lakewood, CO",Strata
"Denver-Aurora-Lakewood, CO",Station A Apartments
"Denver-Aurora-Lakewood, CO",Gateway Park
"Denver-Aurora-Lakewood, CO",The Argonne
"Denver-Aurora-Lakewood, CO",Aspen Ridge
"Denver-Aurora-Lakewood, CO",The Ranch At First Creek
"Denver-Aurora-Lakewood, CO",Forum Fitzsimons
"Denver-Aurora-Lakewood, CO",7575 Town Center
"Denver-Aurora-Lakewood, CO",Grove at City Center
"Dallas-Fort Worth-Arlington, TX",Cortland at Castle Hills
"Dallas-Fort Worth-Arlington, TX",Lakeway Castle Hills
"Dallas-Fort Worth-Arlington, TX",Station at Old Town
"Dallas-Fort Worth-Arlington, TX",Windsor Lakeyard District
"Dallas-Fort Worth-Arlington, TX",The Mill Old Town
"Dallas-Fort Worth-Arlington, TX",Main and Mill
"Dallas-Fort Worth-Arlington, TX",Olivian at the Realm
"Dallas-Fort Worth-Arlington, TX",Valor at the Realm
"Dallas-Fort Worth-Arlington, TX",Tapestry at The Realm
"Dallas-Fort Worth-Arlington, TX",Whitlow
"Phoenix-Mesa-Scottsdale, AZ",Cortland Biltmore
"Atlanta-Sandy Springs-Roswell, GA",Elme Druid Hills
"Atlanta-Sandy Springs-Roswell, GA",The Brooke
"Atlanta-Sandy Springs-Roswell, GA",Rock Springs Village
"Atlanta-Sandy Springs-Roswell, GA",Marq at Brookhaven
"Atlanta-Sandy Springs-Roswell, GA",Arium Lenox Park
"Atlanta-Sandy Springs-Roswell, GA",Anderson at Clairmont
"Columbus, OH",Bennington Pond Apartments
"Columbus, OH",Preston Pointe
"Washington-Arlington-Alexandria, DC-VA-MD-WV",Cortland Arlington
"Washington-Arlington-Alexandria, DC-VA-MD-WV",Bennett Park
"Washington-Arlington-Alexandria, DC-VA-MD-WV",London Normandy House
"Washington-Arlington-Alexandria, DC-VA-MD-WV",2201 Wilson
"Washington-Arlington-Alexandria, DC-VA-MD-WV",The Prime at Arlington Courthouse
"Washington-Arlington-Alexandria, DC-VA-MD-WV",Courtland Park
"Washington-Arlington-Alexandria, DC-VA-MD-WV",Bell at Courthouse
"Washington-Arlington-Alexandria, DC-VA-MD-WV",1800 Wilson
"Washington-Arlington-Alexandria, DC-VA-MD-WV",Potomac Towers
"Washington-Arlington-Alexandria, DC-VA-MD-WV",Rosslyn Heights
"Denver-Aurora-Lakewood, CO",8000 Uptown
"Denver-Aurora-Lakewood, CO",Arista Flats
"Denver-Aurora-Lakewood, CO",Polaris Apartments
"Denver-Aurora-Lakewood, CO",Harvest Station Apartments
"Dallas-Fort Worth-Arlington, TX",Cortland One Twenty One
"Dallas-Fort Worth-Arlington, TX",Estancia at Morningstar
"Dallas-Fort Worth-Arlington, TX",The Atlantic Stonebriar
"Dallas-Fort Worth-Arlington, TX",Platinum Castle Hills
"Dallas-Fort Worth-Arlington, TX",Vue Castle Hills
"Dallas-Fort Worth-Arlington, TX",Avalon at Pier 121
"Dallas-Fort Worth-Arlington, TX",Halcyon Castle Hills
"Dallas-Fort Worth-Arlington, TX",Windsor Mustang Park
"Dallas-Fort Worth-Arlington, TX",Lebanon Ridge
"Dallas-Fort Worth-Arlington, TX",Lantower Legacy Lakes
"Dallas-Fort Worth-Arlington, TX",Rose Hill Apartments
"Phoenix-Mesa-Scottsdale, AZ",Cortland Mountain Vista
"Phoenix-Mesa-Scottsdale, AZ",Lumina Mountain Vista
"Phoenix-Mesa-Scottsdale, AZ",Aviva by Mark-Taylor
"Phoenix-Mesa-Scottsdale, AZ",Stone Canyon
"Phoenix-Mesa-Scottsdale, AZ",Liv Northgate
"Phoenix-Mesa-Scottsdale, AZ",Superstition Canyon
"Phoenix-Mesa-Scottsdale, AZ",San Villante
"Phoenix-Mesa-Scottsdale, AZ",San Piedra
"Phoenix-Mesa-Scottsdale, AZ",Redstone at SanTan Village
"Phoenix-Mesa-Scottsdale, AZ",Bella Victoria
"Phoenix-Mesa-Scottsdale, AZ",Vistara at SanTan Village
"Miami-Fort Lauderdale-West Palm Beach, FL",Cortland Midtown Miami
"Miami-Fort Lauderdale-West Palm Beach, FL",Midtown 5
"Miami-Fort Lauderdale-West Palm Beach, FL",AMLI Midtown 29
"Miami-Fort Lauderdale-West Palm Beach, FL",Gio Midtown
"Miami-Fort Lauderdale-West Palm Beach, FL",CANVAS
"Miami-Fort Lauderdale-West Palm Beach, FL",The Dorsey
"Miami-Fort Lauderdale-West Palm Beach, FL",Wynwood Bay
"Miami-Fort Lauderdale-West Palm Beach, FL",Midtown 4
"Miami-Fort Lauderdale-West Palm Beach, FL",Wynwood Haus
"Miami-Fort Lauderdale-West Palm Beach, FL",Metro Edgewater
"Atlanta-Sandy Springs-Roswell, GA",Woodhaven at Park Bridge
"Atlanta-Sandy Springs-Roswell, GA",Lakeside at Milton Park
"Atlanta-Sandy Springs-Roswell, GA",2200 Big Creek Apartments
"Atlanta-Sandy Springs-Roswell, GA",AMLI North Point
"Atlanta-Sandy Springs-Roswell, GA",Collingwood Apartments
"Atlanta-Sandy Springs-Roswell, GA",North Park Estates
"Charlotte-Concord-Gastonia, NC-SC",Cortland Seventy Seven
"Charlotte-Concord-Gastonia, NC-SC",Tyvola Centre Apartments
"Charlotte-Concord-Gastonia, NC-SC",Cottonwood Reserve
"Charlotte-Concord-Gastonia, NC-SC",Ansley Falls Apartment Homes
"Charlotte-Concord-Gastonia, NC-SC",Stone Ridge
"Charlotte-Concord-Gastonia, NC-SC",Addison at South Tryon
"Charlotte-Concord-Gastonia, NC-SC",Parkside at South Tryon
"Charlotte-Concord-Gastonia, NC-SC",Gramercy Square at Ayrsley
"Charlotte-Concord-Gastonia, NC-SC",Coffey Creek
"Charlotte-Concord-Gastonia, NC-SC",Beacon Hill
"Miami-Fort Lauderdale-West Palm Beach, FL",Cortland Delray Station
"Miami-Fort Lauderdale-West Palm Beach, FL",Congress Grove
"Miami-Fort Lauderdale-West Palm Beach, FL",The District Boynton
"Miami-Fort Lauderdale-West Palm Beach, FL",The Franklin
"Miami-Fort Lauderdale-West Palm Beach, FL",Pacifica
"Miami-Fort Lauderdale-West Palm Beach, FL",Worthing Place
"Miami-Fort Lauderdale-West Palm Beach, FL",Windsor at Delray Beach
"Miami-Fort Lauderdale-West Palm Beach, FL",Atlantico at Tuscany
"Miami-Fort Lauderdale-West Palm Beach, FL",Atlantic at East Delray
"Miami-Fort Lauderdale-West Palm Beach, FL",Aura Delray Beach
"Miami-Fort Lauderdale-West Palm Beach, FL",10X Delray
"Dallas-Fort Worth-Arlington, TX",Kensington Station
"Dallas-Fort Worth-Arlington, TX",Pecan Creek
"Dallas-Fort Worth-Arlington, TX",Woodbridge Apartments
"Dallas-Fort Worth-Arlington, TX",Arbors of Central Park
"Dallas-Fort Worth-Arlington, TX",Tall Timbers
"Dallas-Fort Worth-Arlington, TX",Summerstone Apartments
"Dallas-Fort Worth-Arlington, TX",Parc Plaza Apartments
"Dallas-Fort Worth-Arlington, TX",Hunt Club
"Lakeland-Winter Haven, FL",Cortland World Gateway
"Orlando-Kissimmee-Sanford, FL",Citi Lakes
"Lakeland-Winter Haven, FL",Halston World Gateway Apartment Homes
"Lakeland-Winter Haven, FL",Prime
"Lakeland-Winter Haven, FL",Alcove
"Orlando-Kissimmee-Sanford, FL",The Addison Lake Bryan Apartments
"Lakeland-Winter Haven, FL",Camden World Gateway
"Orlando-Kissimmee-Sanford, FL",Ancora
"Orlando-Kissimmee-Sanford, FL",Lantower Grande Pines
"Phoenix-Mesa-Scottsdale, AZ",Cortland Scottsdale Mountain
"Phoenix-Mesa-Scottsdale, AZ",Cabrillo
"Phoenix-Mesa-Scottsdale, AZ",Villa Montana
"Phoenix-Mesa-Scottsdale, AZ",Casa Santa Fe
"Phoenix-Mesa-Scottsdale, AZ",Morningside
"Phoenix-Mesa-Scottsdale, AZ",Jade Scottsdale
"Phoenix-Mesa-Scottsdale, AZ",Inspiration at Frank Lloyd Wright
"Phoenix-Mesa-Scottsdale, AZ",Scottsdale Highlands Apartments
"Phoenix-Mesa-Scottsdale, AZ",Sonoran Vista
"Phoenix-Mesa-Scottsdale, AZ",San Carlos
"Phoenix-Mesa-Scottsdale, AZ",Del Sol
"Tampa-St. Petersburg-Clearwater, FL",Cortland Bayside
"Tampa-St. Petersburg-Clearwater, FL",Vue at Belleair
"Tampa-St. Petersburg-Clearwater, FL",Solaris Key
"Tampa-St. Petersburg-Clearwater, FL",Arabelle Clearwater
"Tampa-St. Petersburg-Clearwater, FL",Bainbridge Bayview
"Tampa-St. Petersburg-Clearwater, FL",Dunedin Commons Apartments
"Tampa-St. Petersburg-Clearwater, FL",Solano Belleair
"Tampa-St. Petersburg-Clearwater, FL",Gateway North
"Tampa-St. Petersburg-Clearwater, FL",The Boulevard
"Tampa-St. Petersburg-Clearwater, FL",The Alexander at Countryside
"Tampa-St. Petersburg-Clearwater, FL",Windsor Clearwater
"Dallas-Fort Worth-Arlington, TX",Cortland at West Village
"Dallas-Fort Worth-Arlington, TX",L2 Uptown
"Dallas-Fort Worth-Arlington, TX",The Uptown
"Dallas-Fort Worth-Arlington, TX",ALARA Uptown Luxury Apartments
"Dallas-Fort Worth-Arlington, TX",Gables Turtle Creek Cityplace
"Dallas-Fort Worth-Arlington, TX",AMLI Quadrangle
"Dallas-Fort Worth-Arlington, TX",MAA Katy Trail
"Dallas-Fort Worth-Arlington, TX",Lennox at West Village
"Dallas-Fort Worth-Arlington, TX",State Thomas Ravello
"Dallas-Fort Worth-Arlington, TX",Monaco
"Dallas-Fort Worth-Arlington, TX",Howell Uptown
"Dallas-Fort Worth-Arlington, TX",Cortland at Valley Ranch
"Dallas-Fort Worth-Arlington, TX",Anthem Valley Ranch
"Dallas-Fort Worth-Arlington, TX",Lexington at Valley Ranch
"Dallas-Fort Worth-Arlington, TX",Avalon 8801
"Dallas-Fort Worth-Arlington, TX",Devi Valley Ranch
"Dallas-Fort Worth-Arlington, TX",Grant Valley Ranch
"Dallas-Fort Worth-Arlington, TX",The Trails of Valley Ranch
"Dallas-Fort Worth-Arlington, TX",Portofino at Las Colinas
"Dallas-Fort Worth-Arlington, TX",Santa Fe Ranch Apartments
"Dallas-Fort Worth-Arlington, TX",Heritage at Valley Ranch
"Houston-The Woodlands-Sugar Land, TX",Cortland West Houston
"Houston-The Woodlands-Sugar Land, TX",MAA Energy Park
"Houston-The Woodlands-Sugar Land, TX",Villages of Briar Forest
"Houston-The Woodlands-Sugar Land, TX",The Grand on Memorial
"Houston-The Woodlands-Sugar Land, TX",The Fuse at Park Row
"Houston-The Woodlands-Sugar Land, TX",Haven at Eldridge
"Houston-The Woodlands-Sugar Land, TX",Neo at Ten
"Houston-The Woodlands-Sugar Land, TX",The Brighton
"Houston-The Woodlands-Sugar Land, TX",Vista Energy Corridor
"Dallas-Fort Worth-Arlington, TX",Cortland Fossil Creek
"Tampa-St. Petersburg-Clearwater, FL",Cortland Westshore
"Miami-Fort Lauderdale-West Palm Beach, FL",Cortland Uptown Boca
"Miami-Fort Lauderdale-West Palm Beach, FL",Luma at Delray
"Miami-Fort Lauderdale-West Palm Beach, FL",Casa Palma
"Miami-Fort Lauderdale-West Palm Beach, FL",Avalon Toscana
"Miami-Fort Lauderdale-West Palm Beach, FL",Solaire at Coconut Creek
"Miami-Fort Lauderdale-West Palm Beach, FL",Modera Coral Springs
"Miami-Fort Lauderdale-West Palm Beach, FL",10X Boca Raton
"Miami-Fort Lauderdale-West Palm Beach, FL",Monarch Station
"Dallas-Fort Worth-Arlington, TX",Cortland at Twin Creeks
"Dallas-Fort Worth-Arlington, TX",Sheridan Park at Spring Creek
"Dallas-Fort Worth-Arlington, TX",The Gates of Allen Station
"Dallas-Fort Worth-Arlington, TX",Emerson at Ford Park
"Dallas-Fort Worth-Arlington, TX",The Carson at Twin Creeks
"Dallas-Fort Worth-Arlington, TX",Knox Allen Station
"Dallas-Fort Worth-Arlington, TX",Hidden Creek
"Dallas-Fort Worth-Arlington, TX",Ranch At Ridgeview
"Dallas-Fort Worth-Arlington, TX",Mission Eagle Pointe
"Dallas-Fort Worth-Arlington, TX",DeLayne at Twin Creeks
"Dallas-Fort Worth-Arlington, TX",Cypress
"Columbus, OH",Reserve at Abbie Lakes
"Columbus, OH",The Moors At Countryview
"Miami-Fort Lauderdale-West Palm Beach, FL",Cortland Hollywood
"Miami-Fort Lauderdale-West Palm Beach, FL",ArtSquare at Hallandale
"Miami-Fort Lauderdale-West Palm Beach, FL",Soleste SeaSide
"Miami-Fort Lauderdale-West Palm Beach, FL",New River Cove Apartments
"Miami-Fort Lauderdale-West Palm Beach, FL",LAGUNA GARDENS
"Miami-Fort Lauderdale-West Palm Beach, FL",Oasis Pointe
"Miami-Fort Lauderdale-West Palm Beach, FL",2940 Solano at Monterra
"Miami-Fort Lauderdale-West Palm Beach, FL",Midtown Aventura
"Miami-Fort Lauderdale-West Palm Beach, FL",Avery Dania Pointe East Apartments
"Miami-Fort Lauderdale-West Palm Beach, FL",PARC3400
"Miami-Fort Lauderdale-West Palm Beach, FL",Avery Dania Pointe Apartments
"Dallas-Fort Worth-Arlington, TX",Cortland on Coyote Ridge
"Dallas-Fort Worth-Arlington, TX",The Bluffs at Vista Ridge
"Dallas-Fort Worth-Arlington, TX",Residences at the Collection
"Dallas-Fort Worth-Arlington, TX",Edgewater
"Dallas-Fort Worth-Arlington, TX",Limestone Ranch
"Dallas-Fort Worth-Arlington, TX",Highland Luxury Living
"Dallas-Fort Worth-Arlington, TX",Villas of Vista Ridge
"Dallas-Fort Worth-Arlington, TX",Edgewood Village
"Dallas-Fort Worth-Arlington, TX",Abbey at Vista Ridge
"Tucson, AZ",Cortland North Tucson
"Tucson, AZ",Oro Vista
"Tucson, AZ",Orange Tree Village
"Tucson, AZ",The Place at Village at the Foothills
"Tucson, AZ",Tierra Vida
"Tucson, AZ",Agave Apartments
"Tucson, AZ",La Reserve Villas
"Tucson, AZ",Avilla Preserve
"Tucson, AZ",Rock Ridge
"Tucson, AZ",Galeria Del Rio
"Denver-Aurora-Lakewood, CO",Cortland Westminster
"Denver-Aurora-Lakewood, CO",Haven 124 at Eastlake Station
"Denver-Aurora-Lakewood, CO",Avana Thornton Station
"Denver-Aurora-Lakewood, CO",Canyon Chase
"Denver-Aurora-Lakewood, CO",Red Hawk Ranch
"Denver-Aurora-Lakewood, CO",The Tenzing
"Denver-Aurora-Lakewood, CO",Westcliff
"Denver-Aurora-Lakewood, CO",Parkhouse Apartment Homes
"Orlando-Kissimmee-Sanford, FL",Cortland on Orange
"Orlando-Kissimmee-Sanford, FL",Lofts at SoDo
"Orlando-Kissimmee-Sanford, FL",The Cannery at The Packing District
"Orlando-Kissimmee-Sanford, FL",Alexan Mills 50
"Orlando-Kissimmee-Sanford, FL",Berkshire Winter Park
"Orlando-Kissimmee-Sanford, FL",NORA Apartments
"Orlando-Kissimmee-Sanford, FL",The Princeton at College Park
"Orlando-Kissimmee-Sanford, FL",Aventon Isabelle
"Orlando-Kissimmee-Sanford, FL",The Gallery at Mills Park
"Orlando-Kissimmee-Sanford, FL",Seven41 Winter Park
"Orlando-Kissimmee-Sanford, FL",Aurora on the Trail
"Boulder, CO",Heights at Interlocken
"Boulder, CO",Camden Flatirons
"Atlanta-Sandy Springs-Roswell, GA",The Addison at Sandy Springs
"Atlanta-Sandy Springs-Roswell, GA",Marquis at Perimeter Center
"Atlanta-Sandy Springs-Roswell, GA",Spalding Bridge
"Atlanta-Sandy Springs-Roswell, GA",Veridian at Sandy Springs
"Atlanta-Sandy Springs-Roswell, GA",Dunwoody Pointe
"Atlanta-Sandy Springs-Roswell, GA",Dunwoody Crossing
"Atlanta-Sandy Springs-Roswell, GA",The Atlantic North Springs
"Atlanta-Sandy Springs-Roswell, GA",Morgans Landing
"Atlanta-Sandy Springs-Roswell, GA",Glen Lake
"Atlanta-Sandy Springs-Roswell, GA",Crossing at Holcomb Bridge
"Dallas-Fort Worth-Arlington, TX",Cortland Preston North
"Dallas-Fort Worth-Arlington, TX",Satori Frisco
"Dallas-Fort Worth-Arlington, TX",Vale Frisco
"Dallas-Fort Worth-Arlington, TX",Brea Frisco
"Dallas-Fort Worth-Arlington, TX",Mirasol Eldorado
"Dallas-Fort Worth-Arlington, TX",THE LINKS ON PGA PARKWAY
"Dallas-Fort Worth-Arlington, TX",Bexley at WestRidge
"Dallas-Fort Worth-Arlington, TX",Camden Panther Creek
"Dallas-Fort Worth-Arlington, TX",Orion Prosper
"Dallas-Fort Worth-Arlington, TX",Lakeview at the Gates of Prosper
"Dallas-Fort Worth-Arlington, TX",The Station at MacArthur
"Dallas-Fort Worth-Arlington, TX",Crest at Las Colinas Station
"Dallas-Fort Worth-Arlington, TX",Devon on Northgate
"Dallas-Fort Worth-Arlington, TX",Rancho Mirage
"Austin-Round Rock, TX",Cortland River Place
"Austin-Round Rock, TX",The Verandah
"Austin-Round Rock, TX",Meritage at Steiner Ranch
"Austin-Round Rock, TX",Ellwood at Lake Travis
"Austin-Round Rock, TX",Bridge at Ribelin Ranch
"Austin-Round Rock, TX",Sonterra  Apartment Homes
"Austin-Round Rock, TX",10x Living at Grandview
"Austin-Round Rock, TX",Abelia Flats
"Austin-Round Rock, TX",Bridge at Canyon Creek
"Austin-Round Rock, TX",Lavella
"Austin-Round Rock, TX",Bell Four Points
"Orlando-Kissimmee-Sanford, FL",Sun Lake
"Orlando-Kissimmee-Sanford, FL",Boca Vista Apartments
"Orlando-Kissimmee-Sanford, FL",Sabal Club
"Austin-Round Rock, TX",Cortland Bluff Springs
"Austin-Round Rock, TX",Ladera Apartment Homes
"Austin-Round Rock, TX",Windsor South Congress
"Austin-Round Rock, TX",The Martingale
"Austin-Round Rock, TX",Lenox SoCo
"Austin-Round Rock, TX",Avana SoCo
"Atlanta-Sandy Springs-Roswell, GA",Advenir at Winterset
"Atlanta-Sandy Springs-Roswell, GA",Belmont Place
"Atlanta-Sandy Springs-Roswell, GA",Avana Powers Ferry
"Atlanta-Sandy Springs-Roswell, GA",Briggs at Powers Park
"Atlanta-Sandy Springs-Roswell, GA",Azalea Springs
"Atlanta-Sandy Springs-Roswell, GA",MAA Barrett Creek
"Colorado Springs, CO",Cortland Grand River
"Colorado Springs, CO",Bella Springs
"Colorado Springs, CO",Vue 21
"Colorado Springs, CO",Rockrimmon
"Colorado Springs, CO",Elements at Briargate
"Colorado Springs, CO",The Overlook at Interquest Apartments
"Colorado Springs, CO",Peaks at Woodmen
"Colorado Springs, CO",The Towne at Northgate
"Colorado Springs, CO",FalconView
"Colorado Springs, CO",Springs at Allison Valley
"Colorado Springs, CO",Talon Hill
"Dallas-Fort Worth-Arlington, TX",Cortland Addison Circle
"Dallas-Fort Worth-Arlington, TX",Allegro
"Dallas-Fort Worth-Arlington, TX",IMT Prestonwood
"Dallas-Fort Worth-Arlington, TX",Berkshire Auburn
"Dallas-Fort Worth-Arlington, TX",St Moritz
"Dallas-Fort Worth-Arlington, TX",AMLI Addison
"Dallas-Fort Worth-Arlington, TX",Broadstone 5151
"Dallas-Fort Worth-Arlington, TX",MAA Addison Circle
"Washington-Arlington-Alexandria, DC-VA-MD-WV",Cortland Pentagon City
"Washington-Arlington-Alexandria, DC-VA-MD-WV",Instrata Pentagon City
"Washington-Arlington-Alexandria, DC-VA-MD-WV",Concord Crystal City
"Washington-Arlington-Alexandria, DC-VA-MD-WV",The Millennium
"Washington-Arlington-Alexandria, DC-VA-MD-WV",The Gramercy
"Washington-Arlington-Alexandria, DC-VA-MD-WV",The Acadia at Metropolitan Park
"Washington-Arlington-Alexandria, DC-VA-MD-WV",1401 Joyce on Pentagon Row
"Washington-Arlington-Alexandria, DC-VA-MD-WV",220 Twentieth Street
"Washington-Arlington-Alexandria, DC-VA-MD-WV",Cortland at National Landing
"Washington-Arlington-Alexandria, DC-VA-MD-WV",Water Park Towers
"Dallas-Fort Worth-Arlington, TX",Cortland M-Line
"Dallas-Fort Worth-Arlington, TX",The Taylor
"Dallas-Fort Worth-Arlington, TX",3700M
"Dallas-Fort Worth-Arlington, TX",The Jordan by Windsor
"Dallas-Fort Worth-Arlington, TX",Glass House by Windsor
"Dallas-Fort Worth-Arlington, TX",One Uptown
"Dallas-Fort Worth-Arlington, TX",Ardan
"Dallas-Fort Worth-Arlington, TX",Gables McKinney Ave.
"Dallas-Fort Worth-Arlington, TX",Brady
"Dallas-Fort Worth-Arlington, TX",Ascent Victory Park
"Dallas-Fort Worth-Arlington, TX",Residences at The Grove
"Mountain Home, ID",Cortland on the River
"Mountain Home, ID",The District at Parkcenter
"Mountain Home, ID",The Mill at Loggers Creek
"Mountain Home, ID",Jules on 3rd
"Mountain Home, ID",The Boardwalk Apartments
"Mountain Home, ID",Crosshatch
"Mountain Home, ID",Hearth on Broad
"Mountain Home, ID",The Fowler Apartments
"Mountain Home, ID",The Lucy
"Mountain Home, ID",Encore Skyline
"Mountain Home, ID",Arboretum at Barber Station
"Charlotte-Concord-Gastonia, NC-SC",Cortland Belgate
"Charlotte-Concord-Gastonia, NC-SC",Cortland University City
"Charlotte-Concord-Gastonia, NC-SC",Lumeo
"Charlotte-Concord-Gastonia, NC-SC",Alexander Village
"Charlotte-Concord-Gastonia, NC-SC",Verde at McCullough Station
"Charlotte-Concord-Gastonia, NC-SC",The Vinoy at Innovation Park
"Charlotte-Concord-Gastonia, NC-SC",Thrive at University City
"Charlotte-Concord-Gastonia, NC-SC",Blu at Northline
"Charlotte-Concord-Gastonia, NC-SC",Pointe at Research Park
"Charlotte-Concord-Gastonia, NC-SC",Worthington Apartments and Townhomes
"Dallas-Fort Worth-Arlington, TX",Cortland Allen Station
"Dallas-Fort Worth-Arlington, TX",The Link at Twin Creeks
"Dallas-Fort Worth-Arlington, TX",Magnolia on the Green
"Dallas-Fort Worth-Arlington, TX",Axis at Watters Creek
"Dallas-Fort Worth-Arlington, TX",Alma Hub 121
"Dallas-Fort Worth-Arlington, TX",The Montgomery at Watters Creek
"Dallas-Fort Worth-Arlington, TX",Inkwell Watters Creek
"Dallas-Fort Worth-Arlington, TX",THE REFLECTION AT MONTGOMERY RIDGE
"Dallas-Fort Worth-Arlington, TX",Alta at The Farm
"Durham-Chapel Hill, NC",Cortland Brier Creek
"Durham-Chapel Hill, NC",Crest at Brier Creek
"Durham-Chapel Hill, NC",The Crossings at Alexander Place
"Durham-Chapel Hill, NC",Avellan Springs Apartments
"Durham-Chapel Hill, NC",Braxton at Brier Creek
"Durham-Chapel Hill, NC",MAA Arringdon
"Durham-Chapel Hill, NC",MAA Providence
"Durham-Chapel Hill, NC",Jamison at Brier Creek
"Durham-Chapel Hill, NC",Hawthorne Davis Park
"Raleigh, NC",Cortland Glenwood South
"Raleigh, NC",The Line
"Raleigh, NC",511 Faye
"Raleigh, NC",Platform
"Raleigh, NC",The Metropolitan
"Raleigh, NC",MAA Hue
"Raleigh, NC",The Dillon
"Raleigh, NC",The Signal
"Raleigh, NC",The Edison Lofts Apartments
"Raleigh, NC",Link Apartments® Glenwood South
"Raleigh, NC",The Gramercy
"Boise City, ID",Altair
"Boise City, ID",Aren
"Boise City, ID",Seasons at Meridian
"Atlanta-Sandy Springs-Roswell, GA",Cortland Holcomb Bridge
"Atlanta-Sandy Springs-Roswell, GA",Station Heights
"Atlanta-Sandy Springs-Roswell, GA",Elliot Roswell Apartments
"Atlanta-Sandy Springs-Roswell, GA",Lake House at Martin's Landing
"Atlanta-Sandy Springs-Roswell, GA",The Atlantic Newtown
"Atlanta-Sandy Springs-Roswell, GA",Preserve at Dunwoody
"Atlanta-Sandy Springs-Roswell, GA",The Carson at Peachtree Corners
"Atlanta-Sandy Springs-Roswell, GA",Seven Pines
"Atlanta-Sandy Springs-Roswell, GA",Camden Dunwoody
"Atlanta-Sandy Springs-Roswell, GA",Cortland Sugarloaf
"Atlanta-Sandy Springs-Roswell, GA",Halston Riverside
"Atlanta-Sandy Springs-Roswell, GA",UPGRADED The Preserve at Legacy Park
"Atlanta-Sandy Springs-Roswell, GA",Holland Park
"Atlanta-Sandy Springs-Roswell, GA",MAA Prescott
"Atlanta-Sandy Springs-Roswell, GA",Merritt at Sugarloaf
"Atlanta-Sandy Springs-Roswell, GA",MAA McDaniel Farm
"Atlanta-Sandy Springs-Roswell, GA",The Maddox
"Atlanta-Sandy Springs-Roswell, GA",Sugarloaf Summit
"Atlanta-Sandy Springs-Roswell, GA",Avana Portico
"Atlanta-Sandy Springs-Roswell, GA",Everly
"Tampa-St. Petersburg-Clearwater, FL",Cortland Santos Flats
"Tampa-St. Petersburg-Clearwater, FL",Pearce at Pavilion Luxury Apartments
"Tampa-St. Petersburg-Clearwater, FL",Asbury
"Tampa-St. Petersburg-Clearwater, FL",Solé at Brandon
"Tampa-St. Petersburg-Clearwater, FL",Cortland Riverview
"Tampa-St. Petersburg-Clearwater, FL",Lenox at Bloomingdale
"Tampa-St. Petersburg-Clearwater, FL",Progress Village
"Tampa-St. Petersburg-Clearwater, FL",Palms at Magnolia Park
"Tampa-St. Petersburg-Clearwater, FL",AVLI AT CROSSTOWN CENTER
"Tampa-St. Petersburg-Clearwater, FL",Azalea Luxury Apartments
"Tampa-St. Petersburg-Clearwater, FL",The Oasis at 301
"Denver-Aurora-Lakewood, CO",Cortland Cap Hill
"Denver-Aurora-Lakewood, CO",SOVA Apartments
"Denver-Aurora-Lakewood, CO",AMLI at Uptown
"Denver-Aurora-Lakewood, CO",Park 17
"Denver-Aurora-Lakewood, CO",Civic Lofts
"Denver-Aurora-Lakewood, CO",TriVista on Speer
"Denver-Aurora-Lakewood, CO",AMLI Park Avenue
"Denver-Aurora-Lakewood, CO",Aspire 7th and Grant
"San Antonio-New Braunfels, TX",Cortland Estates at TPC
"San Antonio-New Braunfels, TX",The View at TPC
"San Antonio-New Braunfels, TX",The Atlantic Stone Oak
"San Antonio-New Braunfels, TX",Highpointe Estates
"San Antonio-New Braunfels, TX",Cypress at Stone Oak
"San Antonio-New Braunfels, TX",Tacara at Stone Oak
"San Antonio-New Braunfels, TX",Marquis on Evans
"San Antonio-New Braunfels, TX",Edge and Stone
"San Antonio-New Braunfels, TX",The Boulevard at Sonterra
"San Antonio-New Braunfels, TX",Wiregrass at Stone Oak
"Dallas-Fort Worth-Arlington, TX",Cortland on McKinney
"Dallas-Fort Worth-Arlington, TX",Cirque Residences
"Dallas-Fort Worth-Arlington, TX",The Ashton
"Dallas-Fort Worth-Arlington, TX",Gables Park 17
"Dallas-Fort Worth-Arlington, TX",Azure
"Dallas-Fort Worth-Arlington, TX",The Christopher
"Dallas-Fort Worth-Arlington, TX",The 23
"Dallas-Fort Worth-Arlington, TX",Miro
"Miami-Fort Lauderdale-West Palm Beach, FL",Cortland Harbour Cove
"Miami-Fort Lauderdale-West Palm Beach, FL",Pembroke Pines Landings
"Miami-Fort Lauderdale-West Palm Beach, FL",Miramar Park Apartments
"Miami-Fort Lauderdale-West Palm Beach, FL",Camden Portofino
"Miami-Fort Lauderdale-West Palm Beach, FL",Miramar Lakes
"Miami-Fort Lauderdale-West Palm Beach, FL",Arabelle City Center
"Miami-Fort Lauderdale-West Palm Beach, FL",Bell Miramar Place
"Miami-Fort Lauderdale-West Palm Beach, FL",Legacy Palm Gardens
"Miami-Fort Lauderdale-West Palm Beach, FL",Cortland Pembroke Pines
"Miami-Fort Lauderdale-West Palm Beach, FL",The Landings at Pembroke Lakes
"Columbus, OH",Lake Ridge
"Columbus, OH",The Residences At Breckenridge
"Columbus, OH",Hilliard Square
"Columbus, OH",Golf Pointe
"Columbus, OH",Hilliard Park Apartments
"Columbus, OH",Larkspur
"Columbus, OH",Crystal Lake
"Miami-Fort Lauderdale-West Palm Beach, FL",Lakes at Pembroke
"Miami-Fort Lauderdale-West Palm Beach, FL",Club at Emerald Waters
"Miami-Fort Lauderdale-West Palm Beach, FL",Horizons North
"Miami-Fort Lauderdale-West Palm Beach, FL",New Park Towers
"Miami-Fort Lauderdale-West Palm Beach, FL",Alvista Hollywood
"Columbus, OH",Cortland Powell
"Columbus, OH",Liberty Grand Communities
"Columbus, OH",Nolan Reserve
"Columbus, OH",Jerome Grand
"Columbus, OH",Orange Grand Communities
"Columbus, OH",Mirada Apartments
"Columbus, OH",Sycamore Ridge of Dublin
"Columbus, OH",Remington Woods
"Columbus, OH",Tuller Flats
"Tucson, AZ",Pima Canyon
"Tucson, AZ",Ridgeline Apartment Homes
"Tucson, AZ",Silverbell Springs
"Houston-The Woodlands-Sugar Land, TX",Allora District West
"Houston-The Woodlands-Sugar Land, TX",Cendana District West
"Houston-The Woodlands-Sugar Land, TX",Satori at Long Meadow
"Houston-The Woodlands-Sugar Land, TX",Montage at Cinco Ranch
"Houston-The Woodlands-Sugar Land, TX",Marquis Seven Meadows
"Houston-The Woodlands-Sugar Land, TX",Grand Fountain
"Atlanta-Sandy Springs-Roswell, GA",Cortland Duluth
"Atlanta-Sandy Springs-Roswell, GA",The Arbors at Breckinridge Apartment Homes
"Atlanta-Sandy Springs-Roswell, GA",Breckinridge Vue
"Atlanta-Sandy Springs-Roswell, GA",Reflections on Sweetwater Apartments
"Atlanta-Sandy Springs-Roswell, GA",Gwinnett Pointe
"Atlanta-Sandy Springs-Roswell, GA",Brentwood Downs
"Atlanta-Sandy Springs-Roswell, GA",Anzio
"Phoenix-Mesa-Scottsdale, AZ",Cortland Desert Ridge
"Phoenix-Mesa-Scottsdale, AZ",Sonterra Apartments at Paradise Valley
"Phoenix-Mesa-Scottsdale, AZ",Crestone at Shadow Mountain
"Phoenix-Mesa-Scottsdale, AZ",Bellagio Apartments
"Phoenix-Mesa-Scottsdale, AZ",Shade at Desert Ridge
"Phoenix-Mesa-Scottsdale, AZ",Regents at Scottsdale
"Phoenix-Mesa-Scottsdale, AZ",The Reserve on Cave Creek
"Phoenix-Mesa-Scottsdale, AZ",Avora
"Phoenix-Mesa-Scottsdale, AZ",Avana Desert View
"Atlanta-Sandy Springs-Roswell, GA",Axial Buckhead
"Atlanta-Sandy Springs-Roswell, GA",Westmount at Ashwood
"Dallas-Fort Worth-Arlington, TX",Cortland Oak Lawn
"Dallas-Fort Worth-Arlington, TX",Griffis Oak Lawn
"Dallas-Fort Worth-Arlington, TX",Axis at Wycliff
"Dallas-Fort Worth-Arlington, TX",2929 Wycliff
"Dallas-Fort Worth-Arlington, TX",4110 Fairmount
"Dallas-Fort Worth-Arlington, TX",Seville Uptown
"Dallas-Fort Worth-Arlington, TX",The Lucas Apartments
"Dallas-Fort Worth-Arlington, TX",4123 Cedar Springs
"Dallas-Fort Worth-Arlington, TX",Archer Medical District
"Dallas-Fort Worth-Arlington, TX",Lenox Maplewood
"Dallas-Fort Worth-Arlington, TX",Lenox Dentwood
"Miami-Fort Lauderdale-West Palm Beach, FL",Cortland West Boynton
"Miami-Fort Lauderdale-West Palm Beach, FL",The Allara Apartments
"Miami-Fort Lauderdale-West Palm Beach, FL",Casa Brera at Toscana Isles
"Miami-Fort Lauderdale-West Palm Beach, FL",10X Wellington Club
"Miami-Fort Lauderdale-West Palm Beach, FL",Savona Grand
"Miami-Fort Lauderdale-West Palm Beach, FL",Ashley Lake Park Apartments
"Miami-Fort Lauderdale-West Palm Beach, FL",Boynton Place Apartments
"Miami-Fort Lauderdale-West Palm Beach, FL",The Point at Royal Palm Beach
"Miami-Fort Lauderdale-West Palm Beach, FL",Indian Hills Apartments
"Fort Collins, CO",Cortland at 2534
"Fort Collins, CO",Johnstown Plaza Apartments
"Fort Collins, CO",Rise at 2534
"Fort Collins, CO",Ledgerock Apartments
"Fort Collins, CO",Crowne at 2534
"Fort Collins, CO",Springs At 2534
"Fort Collins, CO",Railway Flats
"Fort Collins, CO",The Bend at Highland Meadows
"Fort Collins, CO",Lake Vista Apartment Homes
"Fort Collins, CO",Greens at Van De Water
"Atlanta-Sandy Springs-Roswell, GA",Glenrose Gardens
"Atlanta-Sandy Springs-Roswell, GA",Vineyards of Browns Mill
"Atlanta-Sandy Springs-Roswell, GA",445 Cleveland
"Atlanta-Sandy Springs-Roswell, GA",The Hub at 934 Apartments
"Atlanta-Sandy Springs-Roswell, GA",Meadow Springs
"Atlanta-Sandy Springs-Roswell, GA",The Atlantic Aerotropolis
"Atlanta-Sandy Springs-Roswell, GA",The Ashford at Stone Ridge
"Atlanta-Sandy Springs-Roswell, GA",Meadow View
"Atlanta-Sandy Springs-Roswell, GA",Monterey Village
"Dallas-Fort Worth-Arlington, TX",Cortland Arbor Hills
"Dallas-Fort Worth-Arlington, TX",Bentley Place
"Dallas-Fort Worth-Arlington, TX",AMLI West Plano
"Dallas-Fort Worth-Arlington, TX",Villas at Legacy
"Dallas-Fort Worth-Arlington, TX",Carrington Park
"Dallas-Fort Worth-Arlington, TX",Avenues at Carrollton
"Dallas-Fort Worth-Arlington, TX",Colonnade at Willow Bend
"Dallas-Fort Worth-Arlington, TX",Prestonwood Hills
"Dallas-Fort Worth-Arlington, TX",Creekside at Legacy
"Washington-Arlington-Alexandria, DC-VA-MD-WV",Marlowe VA
"Washington-Arlington-Alexandria, DC-VA-MD-WV",The 1201 Apartments
"Washington-Arlington-Alexandria, DC-VA-MD-WV",Crystal Place
"Washington-Arlington-Alexandria, DC-VA-MD-WV",The Paramount
"Dallas-Fort Worth-Arlington, TX",Estates at Las Colinas
"Tampa-St. Petersburg-Clearwater, FL",Sentosa Riverview
"Tampa-St. Petersburg-Clearwater, FL",Integra Palms
"Dallas-Fort Worth-Arlington, TX",Cortland Legacy
"Dallas-Fort Worth-Arlington, TX",Windsor Castle Hills
"Dallas-Fort Worth-Arlington, TX",Domain at The Gate
"Dallas-Fort Worth-Arlington, TX",Lucia
"Dallas-Fort Worth-Arlington, TX",Bexley Frisco Station
"Dallas-Fort Worth-Arlington, TX",Cortland Las Colinas
"Dallas-Fort Worth-Arlington, TX",Promenade at Las Colinas
"Dallas-Fort Worth-Arlington, TX",Eastshore on Lake Carolyn
"Dallas-Fort Worth-Arlington, TX",801 Lasco
"Dallas-Fort Worth-Arlington, TX",Lumen
"Dallas-Fort Worth-Arlington, TX",Monterra Las Colinas Apartments
"Dallas-Fort Worth-Arlington, TX",The Cayman Las Colinas
"Atlanta-Sandy Springs-Roswell, GA",The Springs at Peachtree Corners
"Atlanta-Sandy Springs-Roswell, GA",Dunwoody Glen
"Atlanta-Sandy Springs-Roswell, GA",Fields at Peachtree Corners
"Atlanta-Sandy Springs-Roswell, GA",Rosemont Peachtree Corners
"Atlanta-Sandy Springs-Roswell, GA",Windsor Peachtree Corners
"Atlanta-Sandy Springs-Roswell, GA",Barrington Hills Apartments
"Atlanta-Sandy Springs-Roswell, GA",Reserve at Peachtree Corners
"Atlanta-Sandy Springs-Roswell, GA",ARIUM Winters Chapel
"Atlanta-Sandy Springs-Roswell, GA",Norcross Crossing
"Atlanta-Sandy Springs-Roswell, GA",Montrose Berkeley Lake
"Atlanta-Sandy Springs-Roswell, GA",The Jaxon
"Austin-Round Rock, TX",Cortland Arboretum
"Austin-Round Rock, TX",The Addison Apartments
"Austin-Round Rock, TX",Windsor Burnet
"Austin-Round Rock, TX",The Standard at Domain Northside Apartments
"Austin-Round Rock, TX",The Kenzie At The Domain
"Austin-Round Rock, TX",The Copeland
"Austin-Round Rock, TX",Residences at the Domain
"Austin-Round Rock, TX",Gallery at The Domain
"Austin-Round Rock, TX",Villages at Domain
"Austin-Round Rock, TX",Stonelake at the Arboretum
"Austin-Round Rock, TX",Mesa Verde
